Campaign Name	Audience	Version	Subject Line	Deployment Date	Unique Emails Delivered	Unique Emails Opened	Unique Clickers	Open Rate	Click Rate	Click To Open Rate	Unsub Rate
PO_BRX PRC		G1		2013-09-26	3	2	1	0.6667	0.3333	0.50000000	0.0000
NY_BRX_AC5_SuBRXin	OW_BRXQWE_OTH	AH_AC5_SUST		2014-06-05	1632	281	36	0.1722	0.0221	0.12811388	0.0000
PO_BRX PRC		E6		2013-09-18	6	2	1	0.3333	0.1667	0.50000000	0.0000
OS_BRX_Sprint_LO_Trade-In	AH_SPR_LO_AC5_X3	AH_SPR_LO_AC5_X3		2014-07-09	361	102	10	0.2825	0.0277	0.09803922	0.0000
OS_BRX_Sprint_LO_Trade-In	AH_SPR_LO_AC5_X3	AH_SPR_LO_AC5_X3		2014-07-10	239	15	6	0.0628	0.0251	0.39999999	0.2667
OS_BRX_Sprint_LO_Trade-In	AH_SPR_LO_AC5_X3	AH_SPR_LO_AC5_X3		2014-07-15	293	38	3	0.1297	0.0102	0.07894736	0.0000
OS_BRX_Sprint_LO_Trade-In	AH_SPR_LO_AC5_X3	AH_SPR_LO_AC5_X3		2014-07-16	232	8	4	0.0345	0.0172	0.50000000	0.2500
RC_BRX BBY Tablet M Offer	OW_AB3_ALL	TSOF_ALL		2014-12-30	1507	211	13	0.1400	0.0086	0.06161137	0.0190
TC_BRX App Music	NEW_BRX_ALL	V3	S4	2015-02-27	5437	855	88	0.1573	0.0162	0.10292397	0.0082
FF_Project_J_Handraiser				2013-03-18	171	105	9	0.6140	0.0526	0.08571428	0.0190
FF_Project_J_Handraiser				2013-04-02	110	75	9	0.6818	0.0818	0.12000000	0.0000
AR_PRC_Trigger		BRX Generic	S4	2013-10-30	8	6	3	0.7500	0.3750	0.50000000	0.0000
AR_PRC_Trigger		BRX Generic	S4	2013-11-15	6	3	1	0.5000	0.1667	0.33333333	0.0000
AR_PRC_Trigger		BRX Generic	S4	2013-12-24	13	4	1	0.3077	0.0769	0.25000000	0.0000
AR_PRC_Trigger		BRX Generic	S4	2014-05-31	10	4	1	0.4000	0.1000	0.25000000	0.0000
AR_PRC_Trigger		BRX Generic	S4	2014-07-05	16	6	3	0.3750	0.1875	0.50000000	0.0000
AR_PRC_Trigger		BRX Generic	S4	2014-08-02	22	8	4	0.3636	0.1818	0.50000000	0.0000
AR_PRC_Trigger		BRX Generic	S4	2014-08-14	14	8	4	0.5714	0.2857	0.50000000	0.0000
AR_PRC_Trigger		BRX Generic	S4	2014-09-01	11	6	3	0.5455	0.2727	0.50000000	0.0000
AR_PRC_Trigger		BRX Generic	S4	2014-09-05	10	3	1	0.3000	0.1000	0.33333333	0.0000
AR_PRC_Trigger		BRX Generic	S4	2014-10-04	14	7	3	0.5000	0.2143	0.42857143	0.0000
AR_PRC_Trigger		BRX Generic	S4	2014-10-07	17	10	2	0.5882	0.1176	0.20000000	0.0000
AR_PRC_Trigger		BRX Generic	S4	2014-10-09	17	10	1	0.5882	0.0588	0.10000000	0.0000
AR_PRC_Trigger		BRX Generic	S4	2014-10-18	19	7	2	0.3684	0.1053	0.28571428	0.0000
AR_PRC_Trigger		BRX Generic	S4	2014-11-11	16	8	2	0.5000	0.1250	0.25000000	0.0000
AR_PRC_Trigger		BRX Generic	S4	2014-11-16	23	12	1	0.5217	0.0435	0.08333333	0.0000
AR_PRC_Trigger		BRX Alpha X 4	S4	2013-11-29	22	13	9	0.5909	0.4091	0.69230769	0.0000
AR_PRC_Trigger		BRX Alpha X 4	S4	2014-02-10	8	4	1	0.5000	0.1250	0.25000000	0.0000
AR_PRC_Trigger		BRX Alpha X 4	S4	2014-02-17	10	6	2	0.6000	0.2000	0.33333333	0.0000
AR_PRC_Trigger		BRX Alpha X 4	S4	2014-02-19	10	5	1	0.5000	0.1000	0.20000000	0.0000
AR_PRC_Trigger		BRX Alpha X 4	S4	2014-02-26	16	10	2	0.6250	0.1250	0.20000000	0.0000
AR_PRC_Trigger		BRX Alpha X 4	S4	2014-03-01	24	11	7	0.4583	0.2917	0.63636364	0.0000
AR_PRC_Trigger		BRX Alpha X 4	S4	2014-05-23	15	6	4	0.4000	0.2667	0.66666667	0.0000
AR_PRC_Trigger		BRX Alpha X 4	S4	2014-05-30	17	9	4	0.5294	0.2353	0.44444444	0.0000
AR_PRC_Trigger		BRX Alpha X 4	S4	2014-06-04	128	76	22	0.5938	0.1719	0.28947368	0.0132
AR_PRC_Trigger		BRX Alpha X 4	S4	2014-06-09	17	10	4	0.5882	0.2353	0.40000000	0.0000
AR_PRC_Trigger		BRX Alpha X 4	S4	2014-06-17	21	11	5	0.5238	0.2381	0.45454546	0.0000
AR_PRC_Trigger		BRX Alpha X 4	S4	2014-07-28	14	6	4	0.4286	0.2857	0.66666667	0.0000
AR_PRC_Trigger		BRX Alpha X 4	S4	2014-10-01	7	3	1	0.4286	0.1429	0.33333333	0.0000
AR_PRC_Trigger		BRX Alpha X 4	S4	2014-10-03	14	8	3	0.5714	0.2143	0.37500000	0.0000
AR_PRC_Trigger		BRX Alpha X 4	S4	2014-11-05	13	2	1	0.1538	0.0769	0.50000000	0.5000
AR_PRC_Trigger		BRX Alpha X 4	S4	2014-12-25	7	4	1	0.5714	0.1429	0.25000000	0.0000
AR_PRC_Trigger		BRX Alpha X 4	S4	2014-12-27	6	2	1	0.3333	0.1667	0.50000000	0.0000
AR_PRC_Trigger		BRX Alpha X 4	S4	2015-01-19	4	2	1	0.5000	0.2500	0.50000000	0.0000
PO_BRX PRC		G5		2013-12-14	3	1	1	0.3333	0.3333	1.00000000	0.0000
PO_BRX PRC		G5		2013-12-31	6	3	2	0.5000	0.3333	0.66666667	0.0000
PO_BRX PRC		G4		2013-12-02	10	3	1	0.3000	0.1000	0.33333333	0.3333
AR_PRC_Trigger [temp 3]			S4	2014-05-03	71	36	18	0.5070	0.2535	0.50000000	0.0000
AR_PRC_Trigger		BRX Generic	S3	2014-03-01	57	18	6	0.3158	0.1053	0.33333333	0.0000
AR_PRC_Trigger		BRX Generic	S3	2014-03-04	24	13	4	0.5417	0.1667	0.30769231	0.0000
AR_PRC_Trigger		BRX Generic	S3	2014-03-09	52	14	4	0.2692	0.0769	0.28571428	0.0000
AR_PRC_Trigger		BRX Generic	S3	2014-03-12	31	10	4	0.3226	0.1290	0.40000000	0.0000
AR_PRC_Trigger		BRX Generic	S3	2014-03-17	37	13	3	0.3514	0.0811	0.23076923	0.0000
AR_PRC_Trigger		BRX Generic	S3	2014-03-21	33	13	1	0.3939	0.0303	0.07692308	0.0000
AR_PRC_Trigger		BRX Generic	S3	2014-03-22	36	14	1	0.3889	0.0278	0.07142857	0.0000
AR_PRC_Trigger		BRX Generic	S3	2014-03-30	29	9	5	0.3103	0.1724	0.55555556	0.0000
AR_PRC_Trigger		BRX Generic	S3	2014-04-02	22	6	3	0.2727	0.1364	0.50000000	0.0000
AR_PRC_Trigger		BRX Generic	S3	2014-04-13	10	5	2	0.5000	0.2000	0.40000000	0.0000
AR_PRC_Trigger		BRX Generic	S3	2014-04-15	12	5	1	0.4167	0.0833	0.20000000	0.0000
AR_PRC_Trigger		BRX Generic	S3	2014-04-21	33	9	3	0.2727	0.0909	0.33333333	0.0000
AR_PRC_Trigger		BRX Alpha Beta 3	S4	2014-02-06	1	1	1	1.0000	1.0000	1.00000000	0.0000
AR_PRC_Trigger		BRX Alpha Beta 3	S4	2014-06-05	13	4	4	0.3077	0.3077	1.00000000	0.0000
AR_PRC_Trigger		BRX Alpha Beta 3	S4	2014-09-20	9	4	3	0.4444	0.3333	0.75000000	0.0000
AR_PRC_Trigger		BRX Alpha Beta 3	S4	2014-10-02	3	1	1	0.3333	0.3333	1.00000000	0.0000
AR_PRC_Trigger		BRX Alpha Beta 3	S4	2015-01-30	2	1	1	0.5000	0.5000	1.00000000	0.0000
AR_PRC_Trigger		BRX Alpha Beta 3	S4	2015-04-12	8	2	1	0.2500	0.1250	0.50000000	0.0000
PO_BRX PRC		L1		2014-03-10	30	9	6	0.3000	0.2000	0.66666667	0.0000
KX_BRX_Beta_10.1_2014_Launch	Smartphone Group2s_RM		S3	2014-01-14	1301	99	9	0.0761	0.0069	0.09090908	0.0202
AR_PRC_Trigger		BRX Generic Tablet	S3	2013-06-26	1	1	1	1.0000	1.0000	1.00000000	0.0000
AR_PRC_Trigger		BRX Generic Tablet	S3	2013-10-25	8	3	1	0.3750	0.1250	0.33333333	0.0000
AR_PRC_Trigger		BRX Generic Tablet	S3	2013-12-16	13	5	2	0.3846	0.1538	0.40000000	0.0000
AR_PRC_Trigger		BRX Generic Tablet	S3	2014-01-17	15	6	1	0.4000	0.0667	0.16666667	0.0000
AR_PRC_Trigger		BRX Generic Tablet	S3	2014-06-15	12	6	2	0.5000	0.1667	0.33333333	0.0000
AR_PRC_Trigger		BRX Generic Tablet	S3	2014-09-10	7	2	1	0.2857	0.1429	0.50000000	0.0000
PO_BRX PRC		G2		2013-10-01	3	1	1	0.3333	0.3333	1.00000000	0.0000
PO_BRX PRC		G2		2013-11-23	3	1	1	0.3333	0.3333	1.00000000	0.0000
PO_BRX PRC		G2		2015-01-30	4	2	1	0.5000	0.2500	0.50000000	0.0000
AR_PRC_Trigger [temp - 140103]			S3	2014-01-07	9	5	2	0.5556	0.2222	0.40000000	0.0000
AR_PRC_Trigger [temp 3]			S3	2014-05-02	17	5	1	0.2941	0.0588	0.20000000	0.0000
AR_PRC_Trigger		BRX Alpha X 5 Group2's Crux	S3	2014-06-17	1	1	1	1.0000	1.0000	1.00000000	0.0000
AR_PRC_Trigger		BRX Alpha Tab 4	S4	2014-08-01	3	2	2	0.6667	0.6667	1.00000000	0.0000
AR_PRC_Trigger [temp - 140103]			S4	2014-01-07	24	6	7	0.2500	0.2917	1.16666666	0.0000
KD_BRX_Beta_3_and_Alpha_Gamma_Launch_Resend				2013-10-30	505	84	16	0.1663	0.0317	0.19047619	0.0000
MJ_BRX_Tab_Pro_Launch				2014-02-14	2915	542	63	0.1859	0.0216	0.11623616	0.0055
MM_BRX_Project_K_Handraiser				2014-02-28	99	59	24	0.5960	0.2424	0.40677966	0.0000
MN_BRX_Tab_Pro_Launch Remail				2014-03-06	883	101	9	0.1144	0.0102	0.08910891	0.0099
AR_PRC_Trigger [temp - 130820]			S3	2013-08-26	12	5	5	0.4167	0.4167	1.00000000	0.0000
CN_Daily_Business_Highlights				2013-07-12	118	27	11	0.2288	0.0932	0.40740740	0.0000
PO_BRX PRC		E3		2013-09-12	9	1	1	0.1111	0.1111	1.00000000	0.0000
RB_BRX Group2 Holiday Email	QWE_ALL	HOL_ALL		2014-12-23	2045	330	42	0.1614	0.0205	0.12727273	0.0061
RB_BRX Group2 Holiday Email	OW_AC5_ALL	HOL_ALL		2014-12-23	1305	160	20	0.1226	0.0153	0.12500000	0.0063
AR_PRC_Trigger_With_Suppressions		BRX Generic Tablet	S3	2015-04-03	6	5	1	0.8333	0.1667	0.20000000	0.0000
NY_BRX_AC5_SuBRXin	HR_AC5	AH_AC5_SUST		2014-06-05	268	68	13	0.2537	0.0485	0.19117647	0.0000
N6_BRX_April_Newsletter	Alpha S Group2s			2014-04-23	1515	224	23	0.1479	0.0152	0.10267857	0.0089
N6_BRX_April_Newsletter				2014-04-23	1810	279	34	0.1541	0.0188	0.12186380	0.0000
TA_BRX Retention		AC5_X4_1_15	S3	2015-02-23	878	48	5	0.0547	0.0057	0.10416665	0.0000
MO_BRX_March_Newsletter				2014-03-12	2802	419	82	0.1495	0.0293	0.19570405	0.0143
57_BRX Welcome Stream		T1		2013-04-24	5	3	2	0.6000	0.4000	0.66666667	0.0000
57_BRX Welcome Stream		T1		2013-05-19	4	1	1	0.2500	0.2500	1.00000000	1.0000
57_BRX Welcome Stream		T1		2013-05-24	1	1	1	1.0000	1.0000	1.00000000	1.0000
57_BRX Welcome Stream		T1		2013-06-07	32	10	1	0.3125	0.0313	0.10000000	0.1000
57_BRX Welcome Stream		T1		2013-06-09	56	17	3	0.3036	0.0536	0.17647059	0.0000
57_BRX Welcome Stream		T1		2013-06-12	25	9	2	0.3600	0.0800	0.22222222	0.0000
57_BRX Welcome Stream		T1		2013-06-13	25	9	2	0.3600	0.0800	0.22222222	0.0000
57_BRX Welcome Stream		T1		2013-06-19	43	14	2	0.3256	0.0465	0.14285714	0.0000
57_BRX Welcome Stream		T1		2013-06-25	33	8	1	0.2424	0.0303	0.12500000	0.1250
57_BRX Welcome Stream		T1		2013-06-26	33	13	5	0.3939	0.1515	0.38461538	0.0000
57_BRX Welcome Stream		T1		2013-06-27	24	8	3	0.3333	0.1250	0.37500000	0.0000
57_BRX Welcome Stream		T1		2013-06-30	42	18	2	0.4286	0.0476	0.11111111	0.0000
57_BRX Welcome Stream		T1		2013-07-12	48	16	3	0.3333	0.0625	0.18750000	0.0625
KN_BRX_Holiday_Helpers	Boston		S1	2013-12-13	33	6	2	0.1818	0.0606	0.33333333	0.0000
KN_BRX_Holiday_Helpers	Philadelphia		S1	2013-12-13	128	29	6	0.2266	0.0469	0.20689655	0.0000
MU_BRX_Alpha_S_5_Preorder		SPR_AC5_PO	S4	2014-03-21	220	46	10	0.2091	0.0455	0.21739130	0.0000
JD BRX Beta 3 and Alpha Gamma Launch	Feature phone Group2s (12+ months)	TMB_UPGR_HB_LA	S2	2013-10-04	13	3	2	0.2308	0.1538	0.66666667	0.0000
RC_BRX BBY Tablet M Offer	OW_SMART_ALL	TSOF_ALL		2014-12-30	696	74	6	0.1063	0.0086	0.08108107	0.0000
RC_BRX BBY Tablet M Offer	OW_AB4_ALL	TSOF_ALL		2014-12-30	1288	171	14	0.1328	0.0109	0.08187134	0.0000
TE_BRX App Video Refresh	Generic	MVIDEO_GENERIC	S3	2015-03-20	2491	348	18	0.1397	0.0072	0.05172413	0.0086
TG_BRX Alpha S 6 Preorder	Tab Non Phone	QWE_CONV	S4	2015-04-01	3150	343	40	0.1089	0.0127	0.11661807	0.0058
KS_BRX_Holiday_Viral_Video_Consumer	BRX Group2s and Preferences			2013-12-23	4419	718	174	0.1625	0.0394	0.24233983	0.0139
57_BRX Welcome Stream		2B		2013-04-30	3	1	2	0.3333	0.6667	2.00000000	0.0000
57_BRX Welcome Stream		2B		2013-06-10	12	2	1	0.1667	0.0833	0.50000000	0.0000
57_BRX Welcome Stream		2B		2013-06-22	19	5	1	0.2632	0.0526	0.20000000	0.0000
OK_NAHQ_Generic_Handraiser		BRX_Generic		2014-09-04	96	54	18	0.5625	0.1875	0.33333333	0.0000
OK_NAHQ_Generic_Handraiser		BRX_Generic		2014-09-11	126	68	25	0.5397	0.1984	0.36764706	0.0000
PW_BRX_Beta_4_Preorder	OW_AB4_7p	TMB_TPO_ALL		2014-09-24	97	27	11	0.2784	0.1134	0.40740741	0.0000
PW_BRX_Beta_4_Preorder	OW_AB4_7p	TMB_TPO_ALL		2014-10-02	67	17	4	0.2537	0.0597	0.23529412	0.0000
TB_BRX OH Announcement	NON_SMART	AH_OH_ANNOUNCE_NON	S6	2015-03-17	549	99	6	0.1803	0.0109	0.06060606	0.0000
TB_BRX OH Announcement	NON_SMART	AH_OH_ANNOUNCE_NON	S6	2015-03-23	3431	442	43	0.1288	0.0125	0.09728507	0.0068
OC_BRX_Chagall-Klimt_Preorder		PO_TABS_ALL	S1	2014-06-18	3910	582	77	0.1488	0.0197	0.13230240	0.0052
TA_BRX Retention		AC5_X4_1_11	S3	2015-02-20	802	219	38	0.2731	0.0474	0.17351598	0.0046
TA_BRX Retention		AC5_X4_1_11	S3	2015-02-23	1243	78	14	0.0628	0.0113	0.17948718	0.0128
MU_BRX_Alpha_S_5_Preorder		GEN_AC5_PO	S6	2014-04-04	1318	271	37	0.2056	0.0281	0.13653136	0.0000
QJ_BRX Beta side Launch	OW_X2_ALL	SPR_NEL_Beta		2014-11-14	97	37	10	0.3814	0.1031	0.27027027	0.0270
MH_BRX_Tab_Pro_Pre-Order				2014-02-05	2868	460	43	0.1604	0.0150	0.09347826	0.0152
CN_Daily_Business_Highlights	AS1			2013-04-10	54	18	1	0.3333	0.0185	0.05555555	0.0000
JD BRX Beta 3 and Alpha Gamma Launch		GEN_HRGEN_HB_LA	S1	2013-10-24	1973	416	78	0.2108	0.0395	0.18750000	0.0120
KB_BRX_Beta_II_and_3_PENUP	Beta II Group2s	Beta_2		2013-10-30	144	29	8	0.2014	0.0556	0.27586207	0.0000
N1_BRX_Alpha_S_5_Launch		GEN_AC5_LA_GEN	S10	2014-04-11	1588	290	75	0.1826	0.0472	0.25862069	0.0069
N1_BRX_Alpha_S_5_Launch		GEN_AC5_LA_GEN	S10	2014-04-16	650	26	7	0.0400	0.0108	0.26923075	0.0000
N1_BRX_Alpha_S_5_Launch		GEN_AC5_LA_UPG	S11	2014-04-16	192	12	4	0.0625	0.0208	0.33333333	0.0833
N1_BRX_Alpha_S_5_Launch		TMB_AC5_LA_UPG	S13	2014-04-11	70	13	5	0.1857	0.0714	0.38461538	0.0000
N1_BRX_Alpha_S_5_Launch	Other BRX/QWE Group2s	GEN_AC5_LA_GEN	S10	2014-04-11	189	24	6	0.1270	0.0317	0.25000000	0.0000
N1_BRX_Alpha_S_5_Launch	Other BRX/QWE Group2s	GEN_AC5_LA_GEN	S10	2014-04-16	239	12	3	0.0502	0.0126	0.25000000	0.2500
AR_PRC_Trigger		BRX Alpha X 5	S4	2014-06-09	16	9	4	0.5625	0.2500	0.44444444	0.0000
AR_PRC_Trigger		BRX Alpha X 5	S4	2014-08-29	14	7	6	0.5000	0.4286	0.85714286	0.0000
AR_PRC_Trigger		BRX Alpha X 5	S4	2014-09-06	9	5	1	0.5556	0.1111	0.20000000	0.0000
AR_PRC_Trigger		BRX Alpha X 5	S4	2014-09-20	14	6	2	0.4286	0.1429	0.33333333	0.0000
AR_PRC_Trigger		BRX Alpha X 5	S4	2014-11-02	17	9	1	0.5294	0.0588	0.11111111	0.0000
AR_PRC_Trigger		BRX Alpha X 5	S4	2014-11-13	7	4	2	0.5714	0.2857	0.50000000	0.0000
AR_PRC_Trigger		BRX Alpha X 5	S4	2014-11-19	7	5	2	0.7143	0.2857	0.40000000	0.0000
AR_PRC_Trigger		BRX Alpha X 5	S4	2015-03-02	6	3	2	0.5000	0.3333	0.66666667	0.0000
AR_PRC_Trigger		BRX Alpha X 5	S4	2015-03-21	12	7	4	0.5833	0.3333	0.57142857	0.0000
FG_Beta_8_Launch	brandx Account Signups	V1		2013-04-12	58	17	3	0.2931	0.0517	0.17647059	0.0588
57_BRX Welcome Stream		T3		2013-05-07	3	1	1	0.3333	0.3333	1.00000000	0.0000
57_BRX Welcome Stream		T3		2013-05-18	5	1	1	0.2000	0.2000	1.00000000	1.0000
57_BRX Welcome Stream		T3		2013-06-17	12	4	1	0.3333	0.0833	0.25000000	0.2500
57_BRX Welcome Stream		T3		2013-06-22	10	3	1	0.3000	0.1000	0.33333333	0.0000
57_BRX Welcome Stream		T3		2013-07-05	12	4	1	0.3333	0.0833	0.25000000	0.0000
PW_BRX_Beta_4_Preorder	OW_TAB_ALL	GEN_TPO_ALL		2014-09-26	1205	212	28	0.1759	0.0232	0.13207547	0.0094
N1_BRX_Alpha_S_5_Launch	AB4 Group2s (7+ months)	ATT_AC5_LA_UPG	S2	2014-04-11	66	18	5	0.2727	0.0758	0.27777778	0.0000
MZ_BRX_Alpha_Gamma_2_Launch		Gamma_2NEO_LA		2014-04-16	507	63	19	0.1243	0.0375	0.30158730	0.0159
KD_BRX_Beta_3_and_Alpha_Gamma_Launch_Resend	All Other BRX/QWE			2013-10-30	604	83	15	0.1374	0.0248	0.18072289	0.0000
GY_Project_Carter				2013-06-26	723	143	32	0.1978	0.0443	0.22377622	0.0070
GY_Project_Carter				2013-07-03	369	61	15	0.1653	0.0407	0.24590164	0.0164
MZ_BRX_Alpha_Gamma_2_Launch	Beta 3	Gamma_FIT_LA		2014-04-16	246	39	12	0.1585	0.0488	0.30769230	0.0000
KN_BRX_Holiday_Helpers	Chicago		S1	2013-12-13	55	9	1	0.1636	0.0182	0.11111111	0.0000
H8_Alpha_Tab_3_Launch	No Tab-SP	NoTab		2013-07-09	319	100	11	0.3135	0.0345	0.11000000	0.0000
H8_Alpha_Tab_3_Launch	No Tab-SP	NoTab		2013-08-13	242	27	3	0.1116	0.0124	0.11111111	0.0000
FR_AB4_Launch	Active QWE	Smartphone		2013-05-30	950	429	108	0.4516	0.1137	0.25174825	0.0163
FR_AB4_Launch	Active QWE	Smartphone		2013-06-10	629	111	29	0.1765	0.0461	0.26126126	0.0360
PW_BRX_Beta_4_Preorder	OW_X2_7p	SPR_TPO_Beta		2014-09-26	30	9	2	0.3000	0.0667	0.22222222	0.0000
PW_BRX_Beta_4_Preorder	OW_X2_7p	SPR_TPO_Beta		2014-10-02	22	7	1	0.3182	0.0455	0.14285714	0.0000
CN_Daily_Business_Highlights	NonRC			2013-07-12	37	10	3	0.2703	0.0811	0.30000000	0.0000
FR_AB4_Launch	Inactive Verizon Group1s	Smartphone		2013-05-23	16	3	1	0.1875	0.0625	0.33333333	0.0000
FR_AB4_Launch	Active BRX	Smartphone		2013-05-30	525	190	49	0.3619	0.0933	0.25789474	0.0105
FR_AB4_Launch	Active BRX	Smartphone		2013-06-10	398	63	17	0.1583	0.0427	0.26984127	0.0159
JD BRX Beta 3 and Alpha Gamma Launch		IA_UPGR_HB_LA	S2	2013-10-25	108	6	3	0.0556	0.0278	0.49999999	0.0000
JD BRX Beta 3 and Alpha Gamma Launch		IA_UPGR_HB_LA	S2	2013-10-28	31	2	2	0.0645	0.0645	1.00000000	0.0000
FR_AB4_Launch	Inactive QWE	Smartphone		2013-05-30	379	56	14	0.1478	0.0369	0.24999999	0.0179
FR_AB4_Launch	Inactive QWE	Smartphone		2013-06-12	329	19	7	0.0578	0.0213	0.36842105	0.0000
JD BRX Beta 3 and Alpha Gamma Launch		IA_HRIA_HB_LA	S1	2013-10-25	687	35	7	0.0509	0.0102	0.19999999	0.0000
JD BRX Beta 3 and Alpha Gamma Launch		IA_HRIA_HB_LA	S1	2013-10-28	126	10	1	0.0794	0.0079	0.09999999	0.0000
FR_AB4_Launch	Inactive BRX	Smartphone		2013-05-30	794	44	12	0.0554	0.0151	0.27272727	0.0227
FR_AB4_Launch	Inactive BRX	Smartphone		2013-06-12	752	16	5	0.0213	0.0066	0.31250000	0.0625
FR_AB4_Launch	Active Smartphone Group2s	Smartphone		2013-05-23	98	43	13	0.4388	0.1327	0.30232558	0.0233
KZ_BRX_Newsletter_Survey	Jan_MAG			2014-01-28	138	74	13	0.5362	0.0942	0.17567567	0.0000
KD_BRX_Beta_3_and_Alpha_Gamma_Launch_Resend	Non-Registrants			2013-10-30	1014	151	18	0.1489	0.0178	0.11920530	0.0000
KZ_BRX_Newsletter_Survey	Jan_SOC			2014-01-28	125	68	10	0.5440	0.0800	0.14705882	0.0000
JC_HB_Pre-Order	Other smartphone Group2s (12+ months)	ATT_HB_PO		2013-09-27	82	25	5	0.3049	0.0610	0.20000000	0.0000
JC_HB_Pre-Order		ATT_HB_PO		2013-09-27	101	29	8	0.2871	0.0792	0.27586207	0.0000
CN_BRX_Survey				2013-10-02	1098	304	98	0.2769	0.0893	0.32236842	0.0066
H8_Alpha_Tab_3_Launch	Smartphone Group2s	SmartNoTab		2013-07-09	729	317	40	0.4348	0.0549	0.12618296	0.0032
JD BRX Beta 3 and Alpha Gamma Launch	Feature phone Group2s (12+ months)	GEN_UPGR_HB_LA	S2	2013-10-24	122	30	7	0.2459	0.0574	0.23333333	0.0333
FP_AB4_Preorder	A) Handraisers	SPR		2013-04-18	47	30	10	0.6383	0.2128	0.33333333	0.0000
FR_AB4_Launch	C) Active Feature Phone Group2s	Feature		2013-04-27	62	24	6	0.3871	0.0968	0.25000000	0.0000
FR_AB4_Launch	F) Inactive Feature Phone Group2s	Feature		2013-04-27	75	4	2	0.0533	0.0267	0.49999999	0.2500
JF_BRX_Beta_10.1_Launch		HRGEN_X2014_LA	S1	2013-10-10	1302	273	34	0.2097	0.0261	0.12454212	0.0037
MU_BRX_Alpha_S_5_Preorder	AB3 Group2s (7-11 months)	TMB_AC5OFF_PO	S3	2014-03-26	71	12	2	0.1690	0.0282	0.16666667	0.0000
FR_AB4_Launch	Active Other Feature Phone Group2s	Feature		2013-05-23	256	95	20	0.3711	0.0781	0.21052632	0.0000
FR_AB4_Launch	Active Other Feature Phone Group2s	Feature		2013-05-30	192	33	11	0.1719	0.0573	0.33333333	0.0000
KP_BRX_December_Newsletter	Beta Group2s		S3	2013-12-20	156	21	3	0.1346	0.0192	0.14285714	0.0000
FR_AB4_Launch	Inactive Other Feature Phone Group2s	Feature		2013-05-23	278	22	3	0.0791	0.0108	0.13636363	0.0000
FR_AB4_Launch	Inactive Other Feature Phone Group2s	Feature		2013-05-30	264	13	2	0.0492	0.0076	0.15384614	0.0000
OL_BRX AEG Venue Rollouts Phase 1		AEG_ANNC_MAN	S23	2014-06-26	25	4	3	0.1600	0.1200	0.75000000	0.0000
GY_Project_Carter	AX 4 Registrants			2013-06-26	37	18	3	0.4865	0.0811	0.16666667	0.0000
MH_BRX_Tab_Pro_Pre-Order	Previous Tablet Handraisers			2014-02-05	19	12	3	0.6316	0.1579	0.25000000	0.0000
JD BRX Beta 3 and Alpha Gamma Launch	Feature phone Group2s (12+ months)	IA_UPGR_HB_LA	S2	2013-10-25	205	10	2	0.0488	0.0098	0.19999999	0.1000
JD BRX Beta 3 and Alpha Gamma Launch	Feature phone Group2s (12+ months)	IA_UPGR_HB_LA	S2	2013-10-28	55	3	1	0.0545	0.0182	0.33333333	0.0000
JD BRX Beta 3 and Alpha Gamma Launch		GEN_UPGR_HB_LA	S2	2013-10-24	72	14	3	0.1944	0.0417	0.21428571	0.0000
JC_HB_Pre-Order	Other smartphone Group2s (12+ months)	TMB_HB_PO		2013-09-27	52	19	2	0.3654	0.0385	0.10526316	0.0000
JC_HB_Pre-Order	Other smartphone Group2s (12+ months)	VZN_HB_PO		2013-09-27	30	6	1	0.2000	0.0333	0.16666667	0.0000
Q5_BRX_Beta_4_Prelaunch	OW_SMART_7p	ATT_TPL_ALL	S3	2014-10-09	90	14	4	0.1556	0.0444	0.28571428	0.0000
N1_BRX_Alpha_S_5_Launch		GEN_AC5_LA_GEN	S16	2014-05-01	1277	118	22	0.0924	0.0172	0.18644067	0.0000
N1_BRX_Alpha_S_5_Launch	Other BRX/QWE Group2s	GEN_AC5_LA_GEN	S16	2014-05-01	160	15	2	0.0938	0.0125	0.13333333	0.0000
N1_BRX_Alpha_S_5_Launch	AB4 Group2s (7+ months)	TMB_AC5_LA_UPG	S19	2014-05-01	58	10	2	0.1724	0.0345	0.20000000	0.0000
NK_BRX_AEG_Venue_Specific		AEG_ANNC_STP		2014-05-29	31	5	2	0.1613	0.0645	0.40000000	0.0000
NY_BRX_AC5_SuBRXin		AH_AC5_SUST		2014-06-05	1064	172	9	0.1617	0.0085	0.05232558	0.0058
KX_BRX_Beta_10.1_2014_Launch	Featurephone Group2s_RM		S3	2014-01-14	131	19	1	0.1450	0.0076	0.05263157	0.0000
OP_BRX_Tab_S_Launch	OW_SMART_NOAC5	LA_TABS_ALL	S1	2014-06-27	2772	363	39	0.1310	0.0141	0.10743802	0.0083
OP_BRX_Tab_S_Launch	OW_TAB_7_12	LA_TABS_ALL	S1	2014-06-27	700	112	15	0.1600	0.0214	0.13392857	0.0089
OP_BRX_Tab_S_Launch		LA_TABS_AC5	S2	2014-06-27	357	95	10	0.2661	0.0280	0.10526316	0.0000
OL_BRX AEG Venue Rollouts Phase 1		AEG_ANNC_BAR	S23	2014-06-26	96	15	3	0.1563	0.0313	0.20000000	0.0000
OX_BRX_Kappa_Launch	OW_TAB_ALL	PL_LVL_ALL	S3	2014-07-24	1259	217	19	0.1724	0.0151	0.08755760	0.0092
OX_BRX_Kappa_Launch	OW_AB3_ALL	PL_LVL_ALL	S3	2014-07-24	830	121	23	0.1458	0.0277	0.19008264	0.0248
PB_BRX AC5 Refresh		AH_AC5_REFRESH	S3	2014-08-07	1470	209	28	0.1422	0.0190	0.13397129	0.0096
PB_BRX AC5 Refresh		AH_AC5_REFRESH_QWE	S3	2014-08-07	1455	248	24	0.1704	0.0165	0.09677419	0.0081
NY_BRX_AC5_SuBRXin	HR_AS_ALL	AH_AC5_SUST		2014-06-05	178	48	6	0.2697	0.0337	0.12500000	0.0417
PK_BRX Back to School Em		TS_B2S_ALL		2014-08-20	882	113	17	0.1281	0.0193	0.15044248	0.0000
PK_BRX Back to School Em	OW_SMART_ALL	TS_B2S_ALL		2014-08-20	228	29	4	0.1272	0.0175	0.13793103	0.0345
PP_Trade In Offer	OW_SMART_5p	TIO_ALL	S3	2014-09-10	296	54	10	0.1824	0.0338	0.18518518	0.0000
PP_Trade In Offer	OW_SMART_5p	TIO_ALL	S3	2014-09-12	290	13	4	0.0448	0.0138	0.30769230	0.0000
PP_Trade In Offer	OW_AB3_5p	TIO_ALL	S3	2014-09-10	515	88	14	0.1709	0.0272	0.15909091	0.0000
PP_Trade In Offer	OW_AB3_5p	TIO_ALL	S3	2014-09-12	356	9	1	0.0253	0.0028	0.11111108	0.0000
PP_Trade In Offer	OW_AB4_5p	TIO_ALL	S3	2014-09-12	252	9	1	0.0357	0.0040	0.11111109	0.0000
PP_Trade In Offer	OW_X2_5p	TIO_ALL	S3	2014-09-10	129	20	6	0.1550	0.0465	0.30000000	0.0000
PP_Trade In Offer	OW_X2_5p	TIO_ALL	S3	2014-09-12	76	7	3	0.0921	0.0395	0.42857143	0.0000
PP_Trade In Offer	OW_AS2_5p	TIO_ALL	S3	2014-09-10	103	17	3	0.1650	0.0291	0.17647059	0.0000
PP_Trade In Offer	OW_AS2_5p	TIO_ALL	S3	2014-09-12	72	4	1	0.0556	0.0139	0.24999999	0.0000
PW_BRX_Beta_4_Preorder	CONTROL	GEN_TPO_ALL		2014-09-26	36	10	3	0.2778	0.0833	0.30000000	0.0000
PW_BRX_Beta_4_Preorder	M_31-50_75K	GEN_TPO_ALL		2014-09-26	60	12	3	0.2000	0.0500	0.25000000	0.0000
PW_BRX_Beta_4_Preorder	X4_HR_ALL	GEN_TPO_ALL		2014-09-26	355	139	55	0.3915	0.1549	0.39568345	0.0072
PW_BRX_Beta_4_Preorder	OW_X3_7p	SPR_TPO_Beta		2014-09-26	38	12	2	0.3158	0.0526	0.16666666	0.0000
PW_BRX_Beta_4_Preorder	F_31-50_75K	GEN_TPO_ALL		2014-09-26	21	4	1	0.1905	0.0476	0.25000000	0.0000
PW_BRX_Beta_4_Preorder	M_31-50_50K	GEN_TPO_ALL		2014-09-26	56	15	2	0.2679	0.0357	0.13333333	0.0000
PW_BRX_Beta_4_Preorder	OW_AB4_7p	GEN_TPO_ALL		2014-09-26	46	15	2	0.3261	0.0435	0.13333333	0.0000
PW_BRX_Beta_4_Preorder	OW_SMART_7p	GEN_TPO_ALL		2014-09-26	120	21	1	0.1750	0.0083	0.04761905	0.0000
PW_BRX_Beta_4_Preorder	OW_AB3_7p	GEN_TPO_ALL		2014-09-26	47	10	4	0.2128	0.0851	0.40000000	0.0000
PW_BRX_Beta_4_Preorder	OW_SMART_7p	TMB_TPO_ALL		2014-09-24	106	30	4	0.2830	0.0377	0.13333333	0.0333
PW_BRX_Beta_4_Preorder	OW_SMART_7p	TMB_TPO_ALL		2014-10-02	56	14	2	0.2500	0.0357	0.14285714	0.0000
PW_BRX_Beta_4_Preorder	X4_HR_ALL	TMB_TPO_ALL		2014-09-24	41	13	3	0.3171	0.0732	0.23076923	0.0000
PW_BRX_Beta_4_Preorder	X4_HR_ALL	TMB_TPO_ALL		2014-10-02	13	8	1	0.6154	0.0769	0.12500000	0.0000
PW_BRX_Beta_4_Preorder	OW_AB3_7p	TMB_TPO_ALL		2014-09-24	99	16	6	0.1616	0.0606	0.37500000	0.0000
PW_BRX_Beta_4_Preorder	OW_AB3_7p	TMB_TPO_ALL		2014-10-02	78	8	1	0.1026	0.0128	0.12499999	0.0000
PW_BRX_Beta_4_Preorder	OW_X3_7p	TMB_TPO_Beta		2014-09-24	44	10	2	0.2273	0.0455	0.20000000	0.0000
PW_BRX_Beta_4_Preorder	OW_X3_7p	TMB_TPO_Beta		2014-10-02	33	8	1	0.2424	0.0303	0.12500000	0.0000
PW_BRX_Beta_4_Preorder	OW_AB4_7p	SPR_TPO_ALL		2014-09-26	90	17	2	0.1889	0.0222	0.11764706	0.0000
PW_BRX_Beta_4_Preorder	Alpha_HR_ALL	GEN_TPO_ALL		2014-10-02	97	14	5	0.1443	0.0515	0.35714285	0.0714
TQ_BRX Project Nil Launch	Top Black Friday Model Propensity	LA_GEN	S2	2015-04-10	2793	320	60	0.1146	0.0215	0.18750000	0.0125
Q7_BRX_Beta_4_Launch	OW_AC5_ALL	TMB_TLA_SAM		2014-10-17	251	52	4	0.2072	0.0159	0.07692307	0.0192
Q7_BRX_Beta_4_Launch	OW_AC5_ALL	TMB_TLA_SAM		2014-10-20	25	3	1	0.1200	0.0400	0.33333333	0.3333
Q7_BRX_Beta_4_Launch	OW_TAB_ALL	GEN_TLA_ALL		2014-10-23	1277	302	31	0.2365	0.0243	0.10264901	0.0033
Q7_BRX_Beta_4_Launch	OW_TAB_ALL	GEN_TLA_ALL		2014-10-30	1085	111	15	0.1023	0.0138	0.13513513	0.0090
Q7_BRX_Beta_4_Launch	ACTIVE_7-12	GEN_TLA_ALL		2014-10-23	326	76	18	0.2331	0.0552	0.23684210	0.0395
Q7_BRX_Beta_4_Launch	ACTIVE_7-12	GEN_TLA_ALL		2014-10-30	271	24	8	0.0886	0.0295	0.33333333	0.0833
QX_BRX App Video ad hoc	Generic	MVIDEO_MUSIC	S4	2014-12-12	361	59	4	0.1634	0.0111	0.06779661	0.0169
QX_BRX App Video ad hoc	Music	MVIDEO_MUSIC	S4	2014-12-12	275	53	3	0.1927	0.0109	0.05660377	0.0189
RB_BRX Group2 Holiday Email	OW_AB3_ALL	HOL_ALL		2014-12-23	1555	203	32	0.1305	0.0206	0.15763547	0.0148
Q7_BRX_Beta_4_Launch	INACTIVE_NEVER	GEN_TLA_ALL		2014-10-24	439	11	2	0.0251	0.0046	0.18181816	0.0909
TE_BRX App Video Refresh	Generic	MVIDEO_GENERIC_OS	S3	2015-03-20	2383	344	10	0.1444	0.0042	0.02906977	0.0058
RC_BRX BBY Tablet M Offer	OW_TAB_9p	TSOF_ALL		2014-12-30	1226	171	27	0.1395	0.0220	0.15789473	0.0117
QJ_BRX Beta side Launch	ACTIVE_0-6	GEN_NEL_ALL		2015-01-08	1541	348	34	0.2258	0.0221	0.09770115	0.0086
QJ_BRX Beta side Launch	X4_Group1S_BRX	GEN_NEL_ALL		2015-01-08	147	54	19	0.3673	0.1293	0.35185185	0.0370
QJ_BRX Beta side Launch	ACTIVE_NEW	GEN_NEL_ALL		2015-01-08	676	51	12	0.0754	0.0178	0.23529412	0.0196
TA_BRX Retention		AC5_X4_2_12		2015-02-25	870	169	11	0.1943	0.0126	0.06508876	0.0178
TA_BRX Retention		AC5_X4_2_12		2015-02-28	1236	40	4	0.0324	0.0032	0.09999997	0.0250
TD_BRX Group2s Stories	Beta4_ALL	AH_Group2_STORIES	S3	2015-03-18	333	63	5	0.1892	0.0150	0.07936508	0.0159
TG_BRX Alpha S 6 Preorder	Likely Upgrader	UPGRADE_TMO	S1	2015-03-30	733	164	34	0.2237	0.0464	0.20731707	0.0061
TQ_BRX Project Nil Launch	Win Inactive B	LA_SPR	S1	2015-04-10	610	20	6	0.0328	0.0098	0.29999998	0.1500
TQ_BRX Project Nil Launch	Mid Inactive C	LA_GEN	S2	2015-04-10	1320	40	12	0.0303	0.0091	0.30000000	0.0250
TQ_BRX Project Nil Launch	Tab Non Phone	LA_GEN	S2	2015-04-10	1708	253	54	0.1481	0.0316	0.21343874	0.0079
TQ_BRX Project Nil Launch	QWE Other Registrants	LA_GEN	S2	2015-04-10	2206	207	25	0.0938	0.0113	0.12077294	0.0097
TQ_BRX Project Nil Launch	Top Black Friday Model Propensity	T2_GEN	S7	2015-04-22	450	115	8	0.2556	0.0178	0.06956521	0.0087
QJ_BRX Beta side Launch	OW_AB3_ALL	VZN_NEL_ALL		2015-01-08	222	47	9	0.2117	0.0405	0.19148936	0.0213
TG_BRX Alpha S 6 Preorder	Win Inactive B	UPGRADE_VZN	S2	2015-04-01	371	13	4	0.0350	0.0108	0.30769231	0.0769
TQ_BRX Project Nil Launch	Mid Inactive B	LA_GEN	S2	2015-04-10	470	17	8	0.0362	0.0170	0.47058823	0.1176
FR_AB4_Launch	Inactive Feature Phone Group2s	Feature		2013-05-30	73	4	0	0.0548	0.0000	0.00000000	0.2500
PP_Trade In Offer	OW_FP_5p	TIO_ALL	S3	2014-09-10	126	27	0	0.2143	0.0000	0.00000000	0.0370
PW_BRX_Beta_4_Preorder	X4_HR_ALL	SPR_TPO_ALL		2014-09-26	47	13	4	0.2766	0.0851	0.30769230	0.0000
PW_BRX_Beta_4_Preorder	X4_HR_ALL	SPR_TPO_ALL		2014-10-02	10	5	1	0.5000	0.1000	0.20000000	0.0000
PW_BRX_Beta_4_Preorder	OW_AB3_7p	SPR_TPO_ALL		2014-09-26	119	23	3	0.1933	0.0252	0.13043478	0.0000
PW_BRX_Beta_4_Preorder	OW_FP_7p	SPR_TPO_ALL		2014-09-26	3	2	1	0.6667	0.3333	0.50000000	0.0000
Q5_BRX_Beta_4_Prelaunch	OW_AB4_7p	SPR_TPL_ALL	S3	2014-10-09	96	19	3	0.1979	0.0313	0.15789474	0.0000
Q5_BRX_Beta_4_Prelaunch	OW_AB3_7p	SPR_TPL_ALL	S3	2014-10-09	126	17	1	0.1349	0.0079	0.05882352	0.0000
Q5_BRX_Beta_4_Prelaunch	X4_HR_ALL	SPR_TPL_ALL	S3	2014-10-09	21	5	2	0.2381	0.0952	0.40000000	0.0000
Q5_BRX_Beta_4_Prelaunch	Alpha_HR_ALL	SPR_TPL_ALL	S3	2014-10-09	41	15	2	0.3659	0.0488	0.13333333	0.0000
Q5_BRX_Beta_4_Prelaunch	OW_FP_7p	SPR_TPL_ALL	S3	2014-10-09	15	3	1	0.2000	0.0667	0.33333333	0.0000
Q5_BRX_Beta_4_Prelaunch	Alpha_HR_ALL	GEN_TPL_ALL	S3	2014-10-09	156	50	10	0.3205	0.0641	0.20000000	0.0000
Q5_BRX_Beta_4_Prelaunch	OW_TAB_ALL	GEN_TPL_ALL	S3	2014-10-09	884	160	17	0.1810	0.0192	0.10625000	0.0000
Q5_BRX_Beta_4_Prelaunch	M_31-50_50K	GEN_TPL_ALL	S3	2014-10-09	38	8	2	0.2105	0.0526	0.25000000	0.0000
Q5_BRX_Beta_4_Prelaunch	OW_SMART_7p	GEN_TPL_ALL	S3	2014-10-09	104	17	4	0.1635	0.0385	0.23529412	0.0000
Q5_BRX_Beta_4_Prelaunch	BUS_PRO	GEN_TPL_ALL	S3	2014-10-09	26	7	1	0.2692	0.0385	0.14285714	0.0000
Q5_BRX_Beta_4_Prelaunch	OW_AB4_7p	GEN_TPL_ALL	S3	2014-10-09	22	3	2	0.1364	0.0909	0.66666666	0.0000
AR_PRC_Trigger		BRX Alpha Beta side	S4	2015-03-27	2	1	1	0.5000	0.5000	1.00000000	0.0000
Q7_BRX_Beta_4_Launch	OW_AB4_ALL	GEN_TLA_SAM		2014-10-23	98	23	6	0.2347	0.0612	0.26086956	0.0000
QJ_BRX Beta side Launch	OW_AB3_ALL	TMB_NEL_ALL		2014-11-14	399	67	12	0.1679	0.0301	0.17910447	0.0000
Q7_BRX_Beta_4_Launch	OW_X3_ALL	ATT_TLA_Beta		2014-10-17	176	42	8	0.2386	0.0455	0.19047619	0.0000
Q7_BRX_Beta_4_Launch	OW_X3_ALL	ATT_TLA_Beta		2014-10-30	149	15	3	0.1007	0.0201	0.20000000	0.0000
AR_PRC_Trigger		BRX Alpha Beta 4	S4	2014-10-17	33	15	11	0.4545	0.3333	0.73333333	0.0000
AR_PRC_Trigger		BRX Alpha Beta 4	S4	2014-12-25	9	4	2	0.4444	0.2222	0.50000000	0.0000
Q7_BRX_Beta_4_Launch	OW_FP_ALL	ATT_TLA_SAM		2014-10-17	79	28	5	0.3544	0.0633	0.17857143	0.0000
Q7_BRX_Beta_4_Launch	OW_FP_ALL	ATT_TLA_SAM		2014-10-30	57	7	1	0.1228	0.0175	0.14285714	0.0000
Q7_BRX_Beta_4_Launch	OW_SMART_ALL	ATT_TLA_SAM		2014-10-20	74	7	1	0.0946	0.0135	0.14285714	0.0000
Q7_BRX_Beta_4_Launch	OW_AB4_ALL	ATT_TLA_SAM		2014-10-17	304	66	12	0.2171	0.0395	0.18181818	0.0000
Q7_BRX_Beta_4_Launch	OW_AB4_ALL	ATT_TLA_SAM		2014-10-30	261	23	5	0.0881	0.0192	0.21739130	0.0000
Q7_BRX_Beta_4_Launch	OW_AB3_ALL	ATT_TLA_SAM		2014-10-17	162	39	6	0.2407	0.0370	0.15384615	0.0000
Q7_BRX_Beta_4_Launch	OW_AB3_ALL	ATT_TLA_SAM		2014-10-20	56	1	1	0.0179	0.0179	1.00000000	0.0000
Q7_BRX_Beta_4_Launch	OW_AB4_ALL	TMB_TLA_SAM		2014-10-17	260	58	10	0.2231	0.0385	0.17241379	0.0000
Q7_BRX_Beta_4_Launch	OW_AB4_ALL	TMB_TLA_SAM		2014-10-20	79	5	3	0.0633	0.0380	0.59999999	0.0000
Q7_BRX_Beta_4_Launch	OW_AB3_ALL	TMB_TLA_SAM		2014-10-17	259	39	5	0.1506	0.0193	0.12820513	0.0000
Q7_BRX_Beta_4_Launch	OW_AC5_ALL	TMB_TLA_SAM		2014-10-30	214	16	1	0.0748	0.0047	0.06250000	0.0000
Q7_BRX_Beta_4_Launch	ACTIVE_0-6	GEN_TLA_ALL		2014-10-23	501	217	32	0.4331	0.0639	0.14746544	0.0000
Q7_BRX_Beta_4_Launch	ACTIVE_0-6	GEN_TLA_ALL		2014-10-30	345	67	8	0.1942	0.0232	0.11940298	0.0000
Q7_BRX_Beta_4_Launch	ACTIVE_NEW	GEN_TLA_ALL		2014-10-23	269	21	6	0.0781	0.0223	0.28571428	0.0000
Q7_BRX_Beta_4_Launch	ACTIVE_NEW	GEN_TLA_ALL		2014-10-30	256	8	4	0.0313	0.0156	0.50000000	0.0000
Q7_BRX_Beta_4_Launch	Alpha_HR_ALL	GEN_TLA_ALL		2014-10-23	172	63	15	0.3663	0.0872	0.23809524	0.0000
Q7_BRX_Beta_4_Launch	PHONE_Group1S	GEN_TLA_ALL		2014-10-23	23	8	4	0.3478	0.1739	0.50000000	0.0000
QJ_BRX Beta side Launch	OW_AB3_ALL	SPR_NEL_ALL		2014-11-14	437	105	18	0.2403	0.0412	0.17142857	0.0000
QJ_BRX Beta side Launch	OW_X2_ALL	TMB_NEL_Beta		2014-11-14	116	32	12	0.2759	0.1034	0.37500000	0.0000
Q5_BRX_Beta_4_Prelaunch	OW_TAB_ALL	ATT_TPL_ALL	S3	2014-10-09	48	9	1	0.1875	0.0208	0.11111111	0.0000
Q7_BRX_Beta_4_Launch	OW_SMART_ALL	TMB_TLA_SAM		2014-10-17	209	56	2	0.2679	0.0096	0.03571428	0.0000
Q7_BRX_Beta_4_Launch	OW_AB3_ALL	SPR_TLA_SAM		2014-10-20	106	5	1	0.0472	0.0094	0.20000000	0.0000
PW_BRX_Beta_4_Preorder	OW_X2_7p	TMB_TPO_Beta		2014-09-24	22	7	2	0.3182	0.0909	0.28571428	0.0000
N1_BRX_Alpha_S_5_Launch		GEN_AC5_LA_GEN	S20	2014-05-01	644	106	28	0.1646	0.0435	0.26415094	0.0000
QX_BRX App Video ad hoc	Music_def	MVIDEO_DEFAULT	S5	2014-12-12	80	16	2	0.2000	0.0250	0.12500000	0.0000
QX_BRX App Video ad hoc	Generic	MVIDEO_SHOP	S4	2014-12-12	387	64	5	0.1654	0.0129	0.07812500	0.0000
RB_BRX Group2 Holiday Email	OW_AB4_ALL	HOL_ALL		2014-12-23	1315	148	16	0.1125	0.0122	0.10810811	0.0000
Q7_BRX_Beta_4_Launch	OW_AB3_ALL	VZN_TLA_SAM		2014-10-23	167	38	5	0.2275	0.0299	0.13157894	0.0000
Q7_BRX_Beta_4_Launch	INACTIVE_NEVER	GEN_TLA_ALL		2014-10-25	177	10	3	0.0565	0.0169	0.29999999	0.0000
Q7_BRX_Beta_4_Launch	ELECTRONICS_ENTHUSIAST	GEN_TLA_ALL		2014-10-24	56	3	1	0.0536	0.0179	0.33333332	0.0000
Q7_BRX_Beta_4_Launch	ELECTRONICS_ENTHUSIAST	GEN_TLA_ALL		2014-10-25	3	1	1	0.3333	0.3333	1.00000000	0.0000
Q7_BRX_Beta_4_Launch	INACTIVE_25p	GEN_TLA_ALL		2014-10-24	129	10	1	0.0775	0.0078	0.09999999	0.0000
Q7_BRX_Beta_4_Launch	M_31-50_50K	GEN_TLA_ALL		2014-10-24	53	3	1	0.0566	0.0189	0.33333333	0.0000
Q7_BRX_Beta_4_Launch	HIGH_TECH_LEADER	GEN_TLA_ALL		2014-10-24	67	4	1	0.0597	0.0149	0.25000000	0.0000
Q5_BRX_Beta_4_Prelaunch	OW_FP_7p	ATT_TPL_ALL	S3	2014-10-09	56	10	1	0.1786	0.0179	0.10000000	0.0000
Q5_BRX_Beta_4_Prelaunch	CONTROL	GEN_TPL_ALL	S3	2014-10-09	28	6	2	0.2143	0.0714	0.33333333	0.0000
Q5_BRX_Beta_4_Prelaunch	OW_AB3_7p	GEN_TPL_ALL	S3	2014-10-09	35	3	1	0.0857	0.0286	0.33333333	0.0000
RC_BRX BBY Tablet M Offer	OW_FP_ALL	TSOF_ALL		2014-12-30	267	45	4	0.1685	0.0150	0.08888889	0.0000
QJ_BRX Beta side Launch	OW_AC5_ALL	SPR_NEL_ALL		2014-11-14	143	21	2	0.1469	0.0140	0.09523809	0.0000
TA_BRX Retention		AC5_X4_2_15		2015-03-02	881	31	4	0.0352	0.0045	0.12903226	0.0000
TG_BRX Alpha S 6 Preorder	Win Inactive B	UPGRADE_ATT	S2	2015-03-30	322	20	5	0.0621	0.0155	0.25000000	0.0000
TG_BRX Alpha S 6 Preorder	Win Inactive B	UPGRADE_TMO	S2	2015-03-30	718	28	7	0.0390	0.0097	0.24999999	0.0000
TG_BRX Alpha S 6 Preorder	Win Inactive B	UPGRADE_GEN	S3	2015-04-01	159	7	5	0.0440	0.0314	0.71428570	0.0000
TQ_BRX Project Nil Launch	Win Inactive B	LA_TMO	S1	2015-04-10	656	26	6	0.0396	0.0091	0.23076922	0.0000
TQ_BRX Project Nil Launch	Recent Buyer	LA_TMO	S1	2015-04-10	251	34	7	0.1355	0.0279	0.20588235	0.0000
TQ_BRX Project Nil Launch	QWE New 0-6	LA_GEN	S2	2015-04-10	344	16	7	0.0465	0.0203	0.43750000	0.0000
TQ_BRX Project Nil Launch	Mid Inactive C	LA_TMO	S1	2015-04-10	334	13	4	0.0389	0.0120	0.30769229	0.0000
TQ_BRX Project Nil Launch	Mid Inactive C	T2_GEN	S7	2015-04-21	140	18	3	0.1286	0.0214	0.16666666	0.0000
QJ_BRX Beta side Launch	OW_AB4_ALL	VZN_NEL_ALL		2015-01-08	278	51	5	0.1835	0.0180	0.09803921	0.0000
QJ_BRX Beta side Launch	ACTIVE_NEW	GEN_NEL_ALL	S3	2015-01-22	487	11	3	0.0226	0.0062	0.27272727	0.0000
TA_BRX Retention		X4_AC5_1_15	S3	2015-02-23	118	10	3	0.0847	0.0254	0.29999999	0.0000
TA_BRX Retention		X4_AC5_1_11	S3	2015-02-23	177	13	4	0.0734	0.0226	0.30769231	0.0000
TA_BRX Retention		AC5_X4_3_15_ATT		2015-03-09	123	3	1	0.0244	0.0081	0.33333333	0.0000
TG_BRX Alpha S 6 Preorder	Top Black Friday Model Propensity	QWE_CONV	S4	2015-04-01	1160	171	27	0.1474	0.0233	0.15789474	0.0000
OK_NAHQ_Generic_Handraiser		BRX_ProjectNil		2015-03-13	4	3	1	0.7500	0.2500	0.33333333	0.0000
TG_BRX Alpha S 6 Preorder	Win Inactive A	UPGRADE_GEN	S3	2015-04-01	28	3	1	0.1071	0.0357	0.33333333	0.0000
TG_BRX Alpha S 6 Preorder	Top Black Friday Model Propensity	QWE_CONV	S7	2015-04-06	716	62	6	0.0866	0.0084	0.09677419	0.0000
TP_BRX Project Nil Prelaunch	Likely Upgrader	PL_ATT	S1	2015-04-02	604	135	16	0.2235	0.0265	0.11851852	0.0000
TQ_BRX Project Nil Launch	Likely Upgraders	T2_SPR	S7	2015-04-21	345	47	6	0.1362	0.0174	0.12765957	0.0000
TP_BRX Project Nil Prelaunch	Win Inactive B	PL_TMO	S1	2015-04-02	73	6	1	0.0822	0.0137	0.16666667	0.0000
TQ_BRX Project Nil Launch	Mid Inactive C	LA_ATT	S1	2015-04-10	251	11	1	0.0438	0.0040	0.09090907	0.0000
TQ_BRX Project Nil Launch	Win Inactive A	LA_SPR	S1	2015-04-10	136	5	2	0.0368	0.0147	0.40000000	0.0000
TQ_BRX Project Nil Launch	Recent Buyer	T2_TMO	S7	2015-04-21	166	15	3	0.0904	0.0181	0.20000000	0.0000
JC_HB_Pre-Order		TMB_HB_PO		2013-09-27	27	7	2	0.2593	0.0741	0.28571429	0.0000
N1_BRX_Alpha_S_5_Launch		SPR_AC5_LA_GEN	S6	2014-04-11	153	24	1	0.1569	0.0065	0.04166666	0.0000
AR_PRC_Trigger [temp 3]		BRX Alpha X 4	S4	2014-12-01	12	2	1	0.1667	0.0833	0.50000000	0.0000
PW_BRX_Beta_4_Preorder	Alpha_HR_ALL	ATT_TPO_ALL		2014-10-02	25	7	2	0.2800	0.0800	0.28571429	0.0000
PW_BRX_Beta_4_Preorder	OW_AB3_7p	ATT_TPO_ALL		2014-10-02	53	5	1	0.0943	0.0189	0.20000000	0.0000
PW_BRX_Beta_4_Preorder	OW_AB3_7p	VZN_TPO_ALL		2014-10-02	50	4	1	0.0800	0.0200	0.25000000	0.0000
PW_BRX_Beta_4_Preorder	OW_AB4_7p	ATT_TPO_ALL		2014-10-02	77	8	2	0.1039	0.0260	0.24999999	0.0000
PW_BRX_Beta_4_Preorder	OW_AB4_7p	VZN_TPO_ALL		2014-10-02	44	6	1	0.1364	0.0227	0.16666666	0.0000
PW_BRX_Beta_4_Preorder	OW_FP_7p	ATT_TPO_ALL		2014-10-02	14	4	1	0.2857	0.0714	0.25000000	0.0000
PW_BRX_Beta_4_Preorder	OW_X2_7p	ATT_TPO_Beta		2014-10-02	23	4	1	0.1739	0.0435	0.25000000	0.0000
PW_BRX_Beta_4_Preorder	OW_FP_7p	VZN_TPO_ALL		2014-10-02	5	2	1	0.4000	0.2000	0.50000000	0.0000
PW_BRX_Beta_4_Preorder	X4_HR_ALL	VZN_TPO_ALL		2014-10-02	19	6	1	0.3158	0.0526	0.16666666	0.0000
Q5_BRX_Beta_4_Prelaunch	OW_SMART_7p	SPR_TPL_ALL	S3	2014-10-09	47	4	1	0.0851	0.0213	0.24999999	0.0000
TE_BRX App Video Refresh	Cooking	MVIDEO_GENERIC	S3	2015-03-20	57	7	2	0.1228	0.0351	0.28571428	0.0000
Q7_BRX_Beta_4_Launch	PHONE_Group1S	GEN_TLA_ALL		2014-10-30	12	0	1	0.0000	0.0833	0.00000000	0.0000
FR_AB4_Launch	F) Inactive Feature Phone Group2s	Feature		2013-05-06	71	0	0	0.0000	0.0000	0.00000000	0.0000
AR_PRC_Trigger		BRX Generic	S4	2014-07-27	12	5	0	0.4167	0.0000	0.00000000	0.0000
AR_PRC_Trigger		BRX Generic	S4	2014-10-01	8	4	0	0.5000	0.0000	0.00000000	0.0000
AR_PRC_Trigger		BRX Generic	S4	2014-10-29	8	4	0	0.5000	0.0000	0.00000000	0.0000
AR_PRC_Trigger		BRX Generic	S4	2015-01-09	10	2	0	0.2000	0.0000	0.00000000	0.0000
AR_PRC_Trigger		BRX Generic	S4	2015-01-29	8	3	0	0.3750	0.0000	0.00000000	0.0000
AR_PRC_Trigger		BRX Generic	S4	2015-03-24	15	4	0	0.2667	0.0000	0.00000000	0.0000
AR_PRC_Trigger		BRX Alpha X 4	S4	2014-07-15	10	2	0	0.2000	0.0000	0.00000000	0.0000
PO_BRX PRC		G5		2013-12-08	3	1	0	0.3333	0.0000	0.00000000	0.0000
PO_BRX PRC		G3		2013-10-09	7	1	0	0.1429	0.0000	0.00000000	0.0000
PO_BRX PRC		G3		2013-11-30	3	1	0	0.3333	0.0000	0.00000000	0.0000
AR_PRC_Trigger		BRX Generic	S3	2014-03-10	33	10	0	0.3030	0.0000	0.00000000	0.0000
AR_PRC_Trigger		BRX Generic Tablet	S3	2013-11-05	6	2	0	0.3333	0.0000	0.00000000	0.0000
AR_PRC_Trigger		BRX Generic Tablet	S3	2013-11-21	10	3	0	0.3000	0.0000	0.00000000	0.0000
AR_PRC_Trigger		BRX Generic Tablet	S3	2013-12-09	9	5	0	0.5556	0.0000	0.00000000	0.0000
AR_PRC_Trigger		BRX Generic Tablet	S3	2014-07-22	5	1	0	0.2000	0.0000	0.00000000	0.0000
AR_PRC_Trigger		BRX Generic Tablet	S3	2014-08-19	9	4	0	0.4444	0.0000	0.00000000	0.0000
AR_PRC_Trigger		BRX Generic Tablet	S3	2014-09-02	5	1	0	0.2000	0.0000	0.00000000	0.0000
AR_PRC_Trigger		BRX Generic Tablet	S3	2014-09-17	5	2	0	0.4000	0.0000	0.00000000	0.0000
AR_PRC_Trigger		BRX Generic Tablet	S3	2014-09-22	6	1	0	0.1667	0.0000	0.00000000	0.0000
AR_PRC_Trigger		BRX Generic Tablet	S3	2014-10-01	7	1	0	0.1429	0.0000	0.00000000	0.0000
AR_PRC_Trigger		BRX Generic Tablet	S3	2014-10-14	7	3	0	0.4286	0.0000	0.00000000	0.0000
AR_PRC_Trigger		BRX Generic Tablet	S3	2014-12-26	26	8	0	0.3077	0.0000	0.00000000	0.0000
AR_PRC_Trigger		BRX Generic Tablet	S3	2015-03-11	9	6	0	0.6667	0.0000	0.00000000	0.0000
PO_BRX PRC		G2		2014-03-07	19	3	0	0.1579	0.0000	0.00000000	0.0000
PO_BRX PRC		L4		2013-11-30	3	1	0	0.3333	0.0000	0.00000000	0.0000
AR_PRC_Trigger [temp 3]			S3	2014-05-15	4	1	0	0.2500	0.0000	0.00000000	0.0000
57_BRX Welcome Stream		T1		2013-04-27	3	1	0	0.3333	0.0000	0.00000000	0.0000
57_BRX Welcome Stream		T1		2013-05-08	5	1	0	0.2000	0.0000	0.00000000	0.0000
57_BRX Welcome Stream		T1		2013-05-12	2	2	0	1.0000	0.0000	0.00000000	0.0000
57_BRX Welcome Stream		T1		2013-05-20	2	1	0	0.5000	0.0000	0.00000000	0.0000
57_BRX Welcome Stream		T1		2013-07-09	29	5	0	0.1724	0.0000	0.00000000	0.0000
57_BRX Welcome Stream		T1		2013-07-10	29	7	0	0.2414	0.0000	0.00000000	0.0000
57_BRX Welcome Stream		2B		2013-05-06	1	1	0	1.0000	0.0000	0.00000000	0.0000
57_BRX Welcome Stream		2B		2013-06-28	12	2	0	0.1667	0.0000	0.00000000	0.0000
57_BRX Welcome Stream		2B		2013-07-12	9	2	0	0.2222	0.0000	0.00000000	0.0000
OK_NAHQ_Generic_Handraiser		BRX_Generic		2014-10-16	1	1	0	1.0000	0.0000	0.00000000	0.0000
PO_BRX PRC		G6		2013-12-15	3	1	0	0.3333	0.0000	0.00000000	0.0000
PO_BRX PRC		G6		2013-12-21	3	1	0	0.3333	0.0000	0.00000000	0.0000
PO_BRX PRC		G6		2015-02-27	4	1	0	0.2500	0.0000	0.00000000	0.0000
57_BRX Welcome Stream		T3		2013-05-22	2	1	0	0.5000	0.0000	0.00000000	0.0000
57_BRX Welcome Stream		T3		2013-06-29	19	4	0	0.2105	0.0000	0.00000000	0.0000
57_BRX Welcome Stream		T3		2013-07-01	19	5	0	0.2632	0.0000	0.00000000	0.0000
57_BRX Welcome Stream		T3		2013-07-19	9	2	0	0.2222	0.0000	0.00000000	0.0000
PO_BRX PRC		F5		2014-08-08	1	1	0	1.0000	0.0000	0.00000000	0.0000
FR_AB4_Launch	C) Active Feature Phone Group2s	Feature		2013-05-06	43	5	0	0.1163	0.0000	0.00000000	0.0000
FR_AB4_Launch	Inactive Smartphone Group2s	Smartphone		2013-05-30	41	2	0	0.0488	0.0000	0.00000000	0.0000
FR_AB4_Launch	Inactive Smartphone Group2s	Smartphone		2013-06-12	30	1	0	0.0333	0.0000	0.00000000	0.0000
FR_AB4_Launch	Inactive VZN Feature Phone Group2s	Feature		2013-05-23	35	1	0	0.0286	0.0000	0.00000000	0.0000
PW_BRX_Beta_4_Preorder	CONTROL	GEN_TPO_ALL		2014-10-02	24	6	0	0.2500	0.0000	0.00000000	0.0000
PW_BRX_Beta_4_Preorder	M_31-50_75K	GEN_TPO_ALL		2014-10-02	3	1	0	0.3333	0.0000	0.00000000	0.0000
PW_BRX_Beta_4_Preorder	OW_X3_7p	GEN_TPO_Beta		2014-10-02	2	2	0	1.0000	0.0000	0.00000000	0.0000
PW_BRX_Beta_4_Preorder	OW_X3_7p	SPR_TPO_Beta		2014-10-02	25	8	0	0.3200	0.0000	0.00000000	0.0000
PW_BRX_Beta_4_Preorder	F_31-50_75K	GEN_TPO_ALL		2014-10-02	3	1	0	0.3333	0.0000	0.00000000	0.0000
PW_BRX_Beta_4_Preorder	M_31-50_50K	GEN_TPO_ALL		2014-10-02	13	5	0	0.3846	0.0000	0.00000000	0.0000
PW_BRX_Beta_4_Preorder	OW_AB4_7p	GEN_TPO_ALL		2014-10-02	13	2	0	0.1538	0.0000	0.00000000	0.0000
PW_BRX_Beta_4_Preorder	OW_SMART_7p	GEN_TPO_ALL		2014-10-02	56	10	0	0.1786	0.0000	0.00000000	0.0000
PW_BRX_Beta_4_Preorder	OW_AB3_7p	GEN_TPO_ALL		2014-10-02	24	5	0	0.2083	0.0000	0.00000000	0.0000
PW_BRX_Beta_4_Preorder	OW_AB4_7p	SPR_TPO_ALL		2014-10-02	61	10	0	0.1639	0.0000	0.00000000	0.0000
PW_BRX_Beta_4_Preorder	OW_AB3_7p	SPR_TPO_ALL		2014-10-02	81	8	0	0.0988	0.0000	0.00000000	0.0000
PW_BRX_Beta_4_Preorder	OW_FP_7p	SPR_TPO_ALL		2014-10-02	4	1	0	0.2500	0.0000	0.00000000	0.0000
Q7_BRX_Beta_4_Launch	OW_SMART_ALL	GEN_TLA_SAM		2014-10-24	96	2	0	0.0208	0.0000	0.00000000	0.0000
Q7_BRX_Beta_4_Launch	OW_AB3_ALL	GEN_TLA_SAM		2014-10-24	55	2	0	0.0364	0.0000	0.00000000	0.0000
Q7_BRX_Beta_4_Launch	OW_SMART_ALL	SPR_TLA_SAM		2014-10-20	30	1	0	0.0333	0.0000	0.00000000	0.0000
Q7_BRX_Beta_4_Launch	OW_TAB_ALL	GEN_TLA_ALL		2014-10-24	208	3	0	0.0144	0.0000	0.00000000	0.0000
Q7_BRX_Beta_4_Launch	OW_SMART_ALL	TMB_TLA_SAM		2014-10-30	166	14	0	0.0843	0.0000	0.00000000	0.0000
Q7_BRX_Beta_4_Launch	OW_AB4_ALL	SPR_TLA_SAM		2014-10-20	74	1	0	0.0135	0.0000	0.00000000	0.0000
PO_BRX PRC		Q8		2014-10-20	7	1	0	0.1429	0.0000	0.00000000	0.0000
PW_BRX_Beta_4_Preorder	OW_X2_7p	TMB_TPO_Beta		2014-10-02	17	3	0	0.1765	0.0000	0.00000000	0.0000
Q7_BRX_Beta_4_Launch	F_31-50_75K	GEN_TLA_ALL		2014-10-24	34	2	0	0.0588	0.0000	0.00000000	0.0000
TA_BRX Retention		AC5_X4_3_12_ATT		2015-03-06	188	5	0	0.0266	0.0000	0.00000000	0.0000
JC_HB_Pre-Order	Feature phone Group2s (0-6 months)	ATT_HB_PO		2013-09-27	3	2	0	0.6667	0.0000	0.00000000	0.0000
JD BRX Beta 3 and Alpha Gamma Launch	Tablet Group2s	IA_HRIA_HB_LA	S1	2013-10-25	22	1	0	0.0455	0.0000	0.00000000	0.0000
KN_BRX_Holiday_Helpers	San Francisco		S1	2013-12-13	40	7	0	0.1750	0.0000	0.00000000	0.0000
N1_BRX_Alpha_S_5_Launch		ATT_AC5_LA_GEN	S16	2014-05-01	110	12	0	0.1091	0.0000	0.00000000	0.0000
OX_BRX_Kappa_Launch	Consumer_Electronics_Interest	PL_LVL_ALL	S3	2014-07-24	32	4	0	0.1250	0.0000	0.00000000	0.0000
PB_BRX AC5 Refresh		AH_AC5_REFRESH_QWE	S2	2014-08-05	31	10	0	0.3226	0.0000	0.00000000	0.0000
PB_BRX AC5 Refresh	INT_CONSELECTR_SAE	AH_AC5_REFRESH_QWE	S3	2014-08-07	105	17	0	0.1619	0.0000	0.00000000	0.0000
PP_Trade In Offer	OW_FP_5p	TIO_ALL	S2	2014-09-09	14	4	0	0.2857	0.0000	0.00000000	0.0000
PW_BRX_Beta_4_Preorder	OW_FP_7p	TMB_TPO_ALL		2014-10-02	5	3	0	0.6000	0.0000	0.00000000	0.0000
PW_BRX_Beta_4_Preorder	OW_SMART_7p	ATT_TPO_ALL		2014-10-02	41	4	0	0.0976	0.0000	0.00000000	0.0000
PW_BRX_Beta_4_Preorder	Alpha_HR_ALL	SPR_TPO_ALL		2014-10-02	19	2	0	0.1053	0.0000	0.00000000	0.0000
PW_BRX_Beta_4_Preorder	OW_X3_7p	VZN_TPO_Beta		2014-10-02	21	4	0	0.1905	0.0000	0.00000000	0.0000
PW_BRX_Beta_4_Preorder	OW_X3_7p	ATT_TPO_Beta		2014-10-02	36	1	0	0.0278	0.0000	0.00000000	0.0000
PW_BRX_Beta_4_Preorder	Alpha_HR_ALL	TMB_TPO_ALL		2014-10-02	16	1	0	0.0625	0.0000	0.00000000	0.0000
PW_BRX_Beta_4_Preorder	OW_X2_7p	VZN_TPO_Beta		2014-10-02	10	1	0	0.1000	0.0000	0.00000000	0.0000
Q5_BRX_Beta_4_Prelaunch	F_31-50_75K	GEN_TPL_ALL	S3	2014-10-09	14	4	0	0.2857	0.0000	0.00000000	0.0000
Q5_BRX_Beta_4_Prelaunch	OW_TAB_ALL	SPR_TPL_ALL	S3	2014-10-09	122	13	0	0.1066	0.0000	0.00000000	0.0000
Q5_BRX_Beta_4_Prelaunch	M_31-50_75K	GEN_TPL_ALL	S3	2014-10-09	38	9	0	0.2368	0.0000	0.00000000	0.0000
Q5_BRX_Beta_4_Prelaunch	OW_SMTV_ALL	GEN_TPL_ALL	S3	2014-10-09	19	2	0	0.1053	0.0000	0.00000000	0.0000
Q5_BRX_Beta_4_Prelaunch	F_31-50_50K	GEN_TPL_ALL	S3	2014-10-09	52	6	0	0.1154	0.0000	0.00000000	0.0000
Q7_BRX_Beta_4_Launch	OW_SMART_ALL	USC_TLA_SAM		2014-10-20	12	1	0	0.0833	0.0000	0.00000000	0.0000
Q7_BRX_Beta_4_Launch	F_31-50_50K	GEN_TLA_ALL		2014-10-24	92	4	0	0.0435	0.0000	0.00000000	0.0000
Q7_BRX_Beta_4_Launch	INTERNET_ENTERTAINMENT_USERS	GEN_TLA_ALL		2014-10-24	24	1	0	0.0417	0.0000	0.00000000	0.0000
Q7_BRX_Beta_4_Launch	INACTIVE_13-18	GEN_TLA_ALL		2014-10-24	69	3	0	0.0435	0.0000	0.00000000	0.0000
Q7_BRX_Beta_4_Launch	INACTIVE_19-24	GEN_TLA_ALL		2014-10-24	58	5	0	0.0862	0.0000	0.00000000	0.0000
TA_BRX Retention		X4_AC5_1_11	S2	2015-02-19	28	10	0	0.3571	0.0000	0.00000000	0.0000
TD_BRX Group2s Stories	AB3AB4_ALL	AH_Group2_STORIES	S2	2015-03-11	78	11	0	0.1410	0.0000	0.00000000	0.0000
TD_BRX Group2s Stories	TAB_ALL	AH_Group2_STORIES	S2	2015-03-11	44	3	0	0.0682	0.0000	0.00000000	0.0000
TG_BRX Alpha S 6 Preorder	QWE New 0-6	QWE_CONV	S4	2015-04-01	326	14	0	0.0429	0.0000	0.00000000	0.0000
TP_BRX Project Nil Prelaunch	Nil Handraisers Next 12	PL_ATT	S1	2015-04-02	1	1	0	1.0000	0.0000	0.00000000	0.0000
TP_BRX Project Nil Prelaunch	Active Early Adopter	PL_TMO		2015-04-06	43	1	0	0.0233	0.0000	0.00000000	0.0000
TQ_BRX Project Nil Launch	Mid Inactive C	LA_SPR	S1	2015-04-10	237	5	0	0.0211	0.0000	0.00000000	0.0000
TQ_BRX Project Nil Launch	QWE Inactive Prev Open	LA_GEN	S2	2015-04-10	73	3	0	0.0411	0.0000	0.00000000	0.0000
TQ_BRX Project Nil Launch	Win Inactive A	LA_TMO	S1	2015-04-10	111	1	0	0.0090	0.0000	0.00000000	0.0000
TQ_BRX Project Nil Launch	QWE Computing Registrants	LA_GEN	S2	2015-04-10	7	1	0	0.1429	0.0000	0.00000000	0.0000
PO_BRX PRC		G1		2014-02-22	4	0	0	0.0000	0.0000	0.00000000	0.0000
PO_BRX PRC		G1		2014-06-02	2	0	0	0.0000	0.0000	0.00000000	0.0000
PO_BRX PRC		G1		2015-01-25	4	0	0	0.0000	0.0000	0.00000000	0.0000
AR_PRC_Trigger		BRX Generic	S4	2015-01-06	2	0	0	0.0000	0.0000	0.00000000	0.0000
AR_PRC_Trigger		BRX Alpha X 4	S4	2015-04-18	3	0	0	0.0000	0.0000	0.00000000	0.0000
PO_BRX PRC		G5		2013-10-22	3	0	0	0.0000	0.0000	0.00000000	0.0000
PO_BRX PRC		G3		2013-12-17	6	0	0	0.0000	0.0000	0.00000000	0.0000
PO_BRX PRC		G4		2013-10-15	3	0	0	0.0000	0.0000	0.00000000	0.0000
PO_BRX PRC		G4		2013-12-24	6	0	0	0.0000	0.0000	0.00000000	0.0000
57_BRX Welcome Stream		T1		2013-04-18	1	0	0	0.0000	0.0000	0.00000000	0.0000
57_BRX Welcome Stream		T1		2013-05-03	1	0	0	0.0000	0.0000	0.00000000	0.0000
57_BRX Welcome Stream		T1		2013-05-04	1	0	0	0.0000	0.0000	0.00000000	0.0000
57_BRX Welcome Stream		T1		2013-05-25	1	0	0	0.0000	0.0000	0.00000000	0.0000
57_BRX Welcome Stream		2B		2013-05-07	1	0	0	0.0000	0.0000	0.00000000	0.0000
57_BRX Welcome Stream		2B		2013-05-11	5	0	0	0.0000	0.0000	0.00000000	0.0000
57_BRX Welcome Stream		2B		2013-05-15	2	0	0	0.0000	0.0000	0.00000000	0.0000
57_BRX Welcome Stream		2B		2013-05-28	1	0	0	0.0000	0.0000	0.00000000	0.0000
57_BRX Welcome Stream		2B		2013-06-15	10	0	0	0.0000	0.0000	0.00000000	0.0000
57_BRX Welcome Stream		2B		2013-07-01	10	0	0	0.0000	0.0000	0.00000000	0.0000
57_BRX Welcome Stream		T3		2013-05-13	1	0	0	0.0000	0.0000	0.00000000	0.0000
57_BRX Welcome Stream		T3		2013-05-14	1	0	0	0.0000	0.0000	0.00000000	0.0000
57_BRX Welcome Stream		T3		2013-06-04	1	0	0	0.0000	0.0000	0.00000000	0.0000
PO_BRX PRC		Q1	S2	2015-03-25	4	0	0	0.0000	0.0000	0.00000000	0.0000
FR_AB4_Launch	Inactive VZN Feature Phone Group2s	Feature		2013-05-30	34	0	0	0.0000	0.0000	0.00000000	0.0000
FR_AB4_Launch	Inactive Feature Phone Group2s	Feature		2013-06-12	68	0	0	0.0000	0.0000	0.00000000	0.0000
PO_BRX PRC		Q6		2014-09-10	4	0	0	0.0000	0.0000	0.00000000	0.0000
PP_Trade In Offer	OW_X3_Multi	TIO_ALL	S3	2014-09-12	5	0	0	0.0000	0.0000	0.00000000	0.0000
Q7_BRX_Beta_4_Launch	OW_X3_ALL	VZN_TLA_Beta		2014-10-24	43	0	0	0.0000	0.0000	0.00000000	0.0000
Q7_BRX_Beta_4_Launch	OW_X3_ALL	TMB_TLA_Beta		2014-10-20	34	0	0	0.0000	0.0000	0.00000000	0.0000
Q7_BRX_Beta_4_Launch	OW_AB3_ALL	USC_TLA_SAM		2014-10-20	3	0	0	0.0000	0.0000	0.00000000	0.0000
Q7_BRX_Beta_4_Launch	OW_TAB_ALL	SPR_TLA_ALL		2014-10-20	19	0	0	0.0000	0.0000	0.00000000	0.0000
Q7_BRX_Beta_4_Launch	OW_TAB_ALL	TMB_TLA_ALL		2014-10-20	2	0	0	0.0000	0.0000	0.00000000	0.0000
Q7_BRX_Beta_4_Launch	OW_TAB_ALL	ATT_TLA_ALL		2014-10-20	12	0	0	0.0000	0.0000	0.00000000	0.0000
Q7_BRX_Beta_4_Launch	LO_ALL	GEN_TLA_ALL		2014-10-24	43	0	0	0.0000	0.0000	0.00000000	0.0000
PW_BRX_Beta_4_Preorder	OW_SMART_7p	VZN_TPO_ALL		2014-10-02	8	0	0	0.0000	0.0000	0.00000000	0.0000
Q7_BRX_Beta_4_Launch	OW_FP_ALL	VZN_TLA_SAM		2014-10-24	28	0	0	0.0000	0.0000	0.00000000	0.0000
Q7_BRX_Beta_4_Launch	BUS_PRO	GEN_TLA_ALL		2014-10-24	28	0	0	0.0000	0.0000	0.00000000	0.0000
TQ_BRX Project Nil Launch	Mid Inactive C_Control	LA_TMO	S1	2015-04-10	15	0	0	0.0000	0.0000	0.00000000	0.0000
TQ_BRX Project Nil Launch	Inactive Early Adopter	LA_ATT	S1	2015-04-10	25	0	0	0.0000	0.0000	0.00000000	0.0000
