CustomerCount, Carrier, Month, Device
"7","AIO","April","Alpha X 123"
"3","AIO","April","Alpha X 987"
"3","AIO","August","Alpha X 987"
"2","AIO","December","Alpha X 123"
"1","AIO","December","Alpha X 987"
"3","AIO","February","Alpha X 123"
"2","AIO","February","Alpha X 987"
"2","AIO","January","Alpha X 123"
"4","AIO","January","Alpha X 987"
"1","AIO","July","Alpha X 123"
"3","AIO","July","Alpha X 987"
"3","AIO","June","Alpha X 123"
"4","AIO","March","Alpha X 123"
"5","AIO","March","Alpha X 987"
"1","AIO","November","Alpha X 123"
"1","AIO","November","Alpha X 987"
"7","AIO","October","Alpha X 123"
"4","AIO","October","Alpha X 987"
"1","AIO","September","Alpha X 123"
"2","AIO","September","Alpha X 987"
"1","ALLTEL","April","Feature Phone"
"3","ALLTEL","February","Feature Phone"
"1","ALLTEL","January","Feature Phone"
"1","ALLTEL","June","Feature Phone"
"8","AT&T","April","Alpha Alpha"
"6","AT&T","April","Alpha Beta   "
"77","AT&T","April","Alpha Beta 3"
"37","AT&T","April","Alpha Beta 4"
"7","AT&T","April","Alpha Beta 4 Edge"
"4","AT&T","April","Alpha Beta 8.0"
"26","AT&T","April","Alpha Beta II"
"1","AT&T","April","Alpha Beta Pro 12.2"
"1","AT&T","April","Alpha Camera"
"5","AT&T","April","Alpha Express"
"1","AT&T","April","Alpha Mega   "
"3","AT&T","April","Alpha Mega 2"
"3","AT&T","April","Alpha Rugby Pro"
"14","AT&T","April","Alpha S"
"12","AT&T","April","Alpha S II"
"70","AT&T","April","Alpha S III"
"19","AT&T","April","Alpha S III Mini"
"2","AT&T","April","Alpha Tablet"
"6","AT&T","April","Alpha Tablet 2 10.1"
"9","AT&T","April","Alpha Tablet 3 7.0"
"1","AT&T","April","Alpha Tablet 4 10.1"
"8","AT&T","April","Alpha Tablet 4 8.0"
"1","AT&T","April","Alpha Tablet 8.9"
"5","AT&T","April","Alpha Tablet S 10.5"
"1","AT&T","April","Alpha Tablet S 8.4"
"167","AT&T","April","Alpha X 123"
"2","AT&T","April","Alpha X 123 Mini"
"1","AT&T","April","Alpha X 123 Zoom"
"281","AT&T","April","Alpha X 987"
"42","AT&T","April","Alpha X 987 Active"
"1","AT&T","April","Alpha X 987 Mini"
"56","AT&T","April","Alpha Z 7"
"47","AT&T","April","Alpha Z 7 edge"
"45","AT&T","April","Feature Phone"
"34","AT&T","April","Other Smartphone"
"10","AT&T","August","Alpha Beta   "
"44","AT&T","August","Alpha Beta 3"
"12","AT&T","August","Alpha Beta 8.0"
"37","AT&T","August","Alpha Beta II"
"12","AT&T","August","Alpha Express"
"1","AT&T","August","Alpha Mega   "
"2","AT&T","August","Alpha Rugby Pro"
"11","AT&T","August","Alpha S"
"12","AT&T","August","Alpha S II"
"96","AT&T","August","Alpha S III"
"6","AT&T","August","Alpha S III Mini"
"1","AT&T","August","Alpha Tablet"
"2","AT&T","August","Alpha Tablet 2 10.1"
"5","AT&T","August","Alpha Tablet 3 7.0"
"4","AT&T","August","Alpha Tablet 4 10.1"
"148","AT&T","August","Alpha X 123"
"7","AT&T","August","Alpha X 123 Mini"
"2","AT&T","August","Alpha X 123 Zoom"
"94","AT&T","August","Alpha X 987"
"46","AT&T","August","Alpha X 987 Active"
"49","AT&T","August","Feature Phone"
"20","AT&T","August","Other Smartphone"
"8","AT&T","December","Alpha Alpha"
"4","AT&T","December","Alpha Beta   "
"75","AT&T","December","Alpha Beta 3"
"89","AT&T","December","Alpha Beta 4"
"17","AT&T","December","Alpha Beta 4 Edge"
"14","AT&T","December","Alpha Beta 8.0"
"43","AT&T","December","Alpha Beta II"
"3","AT&T","December","Alpha Express"
"3","AT&T","December","Alpha Mega   "
"5","AT&T","December","Alpha Mega 2"
"5","AT&T","December","Alpha Rugby Pro"
"25","AT&T","December","Alpha S"
"13","AT&T","December","Alpha S II"
"94","AT&T","December","Alpha S III"
"6","AT&T","December","Alpha S III Mini"
"1","AT&T","December","Alpha Tablet"
"4","AT&T","December","Alpha Tablet 2 10.1"
"13","AT&T","December","Alpha Tablet 3 7.0"
"1","AT&T","December","Alpha Tablet 4 10.1"
"5","AT&T","December","Alpha Tablet 4 8.0"
"1","AT&T","December","Alpha Tablet 8.9"
"4","AT&T","December","Alpha Tablet S 10.5"
"206","AT&T","December","Alpha X 123"
"3","AT&T","December","Alpha X 123 Mini"
"1","AT&T","December","Alpha X 123 Zoom"
"92","AT&T","December","Alpha X 987"
"39","AT&T","December","Alpha X 987 Active"
"40","AT&T","December","Feature Phone"
"2","AT&T","December","HomeSync"
"28","AT&T","December","Other Smartphone"
"4","AT&T","February","Alpha Alpha"
"3","AT&T","February","Alpha Beta   "
"93","AT&T","February","Alpha Beta 3"
"66","AT&T","February","Alpha Beta 4"
"12","AT&T","February","Alpha Beta 4 Edge"
"9","AT&T","February","Alpha Beta 8.0"
"35","AT&T","February","Alpha Beta II"
"8","AT&T","February","Alpha Express"
"1","AT&T","February","Alpha Gear S"
"4","AT&T","February","Alpha Mega 2"
"4","AT&T","February","Alpha Rugby Pro"
"13","AT&T","February","Alpha S"
"14","AT&T","February","Alpha S II"
"106","AT&T","February","Alpha S III"
"8","AT&T","February","Alpha S III Mini"
"4","AT&T","February","Alpha Tablet 2 10.1"
"9","AT&T","February","Alpha Tablet 3 7.0"
"1","AT&T","February","Alpha Tablet 4 10.1"
"16","AT&T","February","Alpha Tablet 4 8.0"
"1","AT&T","February","Alpha Tablet S 10.5"
"152","AT&T","February","Alpha X 123"
"4","AT&T","February","Alpha X 123 Mini"
"3","AT&T","February","Alpha X 123 Zoom"
"57","AT&T","February","Alpha X 987"
"43","AT&T","February","Alpha X 987 Active"
"38","AT&T","February","Feature Phone"
"29","AT&T","February","Other Smartphone"
"8","AT&T","January","Alpha Alpha"
"18","AT&T","January","Alpha Beta"
"56","AT&T","January","Alpha Beta 3"
"62","AT&T","January","Alpha Beta 4"
"16","AT&T","January","Alpha Beta 4 Edge"
"10","AT&T","January","Alpha Beta 8.0"
"64","AT&T","January","Alpha Beta II"
"1","AT&T","January","Alpha Beta Pro 12.2"
"2","AT&T","January","Alpha Camera"
"8","AT&T","January","Alpha Express"
"7","AT&T","January","Alpha Mega   "
"3","AT&T","January","Alpha Mega 2"
"2","AT&T","January","Alpha Rugby Pro"
"11","AT&T","January","Alpha S"
"33","AT&T","January","Alpha S II"
"146","AT&T","January","Alpha S III"
"12","AT&T","January","Alpha S III Mini"
"4","AT&T","January","Alpha Tablet 2 10.1"
"12","AT&T","January","Alpha Tablet 3 7.0"
"1","AT&T","January","Alpha Tablet 4 10.1"
"3","AT&T","January","Alpha Tablet 4 8.0"
"1","AT&T","January","Alpha Tablet S 8.4"
"219","AT&T","January","Alpha X 123"
"2","AT&T","January","Alpha X 123 Mini"
"1","AT&T","January","Alpha X 123 Zoom"
"72","AT&T","January","Alpha X 987"
"37","AT&T","January","Alpha X 987 Active"
"54","AT&T","January","Feature Phone"
"31","AT&T","January","Other Smartphone"
"14","AT&T","July","Alpha Beta"
"44","AT&T","July","Alpha Beta 3"
"16","AT&T","July","Alpha Beta 8.0"
"37","AT&T","July","Alpha Beta II"
"9","AT&T","July","Alpha Express"
"2","AT&T","July","Alpha Rugby Pro"
"9","AT&T","July","Alpha S"
"30","AT&T","July","Alpha S II"
"117","AT&T","July","Alpha S III"
"9","AT&T","July","Alpha S III Mini"
"1","AT&T","July","Alpha Tablet"
"9","AT&T","July","Alpha Tablet 2 10.1"
"6","AT&T","July","Alpha Tablet 3 7.0"
"1","AT&T","July","Alpha Tablet 4 10.1"
"1","AT&T","July","Alpha Tablet 4 8.0"
"237","AT&T","July","Alpha X 123"
"4","AT&T","July","Alpha X 123 Mini"
"1","AT&T","July","Alpha X 123 Zoom"
"119","AT&T","July","Alpha X 987"
"55","AT&T","July","Alpha X 987 Active"
"54","AT&T","July","Feature Phone"
"20","AT&T","July","Other Smartphone"
"9","AT&T","June","Alpha Beta"
"44","AT&T","June","Alpha Beta 3"
"3","AT&T","June","Alpha Beta 8.0"
"29","AT&T","June","Alpha Beta II"
"1","AT&T","June","Alpha Beta Pro 12.2"
"7","AT&T","June","Alpha Express"
"2","AT&T","June","Alpha Mega   "
"6","AT&T","June","Alpha Rugby Pro"
"10","AT&T","June","Alpha S"
"11","AT&T","June","Alpha S II"
"83","AT&T","June","Alpha S III"
"8","AT&T","June","Alpha S III Mini"
"3","AT&T","June","Alpha Tablet 2 10.1"
"4","AT&T","June","Alpha Tablet 3 7.0"
"2","AT&T","June","Alpha Tablet 4 10.1"
"238","AT&T","June","Alpha X 123"
"3","AT&T","June","Alpha X 123 Mini"
"5","AT&T","June","Alpha X 123 Zoom"
"138","AT&T","June","Alpha X 987"
"50","AT&T","June","Alpha X 987 Active"
"41","AT&T","June","Feature Phone"
"28","AT&T","June","Other Smartphone"
"10","AT&T","March","Alpha Alpha"
"6","AT&T","March","Alpha Beta"
"93","AT&T","March","Alpha Beta 3"
"60","AT&T","March","Alpha Beta 4"
"9","AT&T","March","Alpha Beta 4 Edge"
"7","AT&T","March","Alpha Beta 8.0"
"37","AT&T","March","Alpha Beta II"
"2","AT&T","March","Alpha Beta Pro 12.2"
"1","AT&T","March","Alpha Camera"
"1","AT&T","March","Alpha Exhilarate"
"8","AT&T","March","Alpha Express"
"1","AT&T","March","Alpha Mega   "
"2","AT&T","March","Alpha Mega 2"
"14","AT&T","March","Alpha S"
"10","AT&T","March","Alpha S II"
"111","AT&T","March","Alpha S III"
"10","AT&T","March","Alpha S III Mini"
"1","AT&T","March","Alpha Tablet"
"2","AT&T","March","Alpha Tablet 2 10.1"
"10","AT&T","March","Alpha Tablet 3 7.0"
"27","AT&T","March","Alpha Tablet 4 8.0"
"1","AT&T","March","Alpha Tablet S 10.5"
"118","AT&T","March","Alpha X 123"
"6","AT&T","March","Alpha X 123 Mini"
"3","AT&T","March","Alpha X 123 Zoom"
"90","AT&T","March","Alpha X 987"
"39","AT&T","March","Alpha X 987 Active"
"1","AT&T","March","Alpha X 987 Mini"
"58","AT&T","March","Feature Phone"
"24","AT&T","March","Other Smartphone"
"13","AT&T","May","Alpha Beta   "
"76","AT&T","May","Alpha Beta 3"
"3","AT&T","May","Alpha Beta 8.0"
"24","AT&T","May","Alpha Beta II"
"3","AT&T","May","Alpha Exhilarate"
"1","AT&T","May","Alpha Mega   "
"2","AT&T","May","Alpha Rugby Pro"
"12","AT&T","May","Alpha S"
"9","AT&T","May","Alpha S II"
"63","AT&T","May","Alpha S III"
"12","AT&T","May","Alpha S III Mini"
"4","AT&T","May","Alpha Tablet"
"3","AT&T","May","Alpha Tablet 2 10.1"
"2","AT&T","May","Alpha Tablet 3 7.0"
"1","AT&T","May","Alpha Tablet 8.9"
"222","AT&T","May","Alpha X 123"
"1","AT&T","May","Alpha X 123 Mini"
"2","AT&T","May","Alpha X 123 Zoom"
"166","AT&T","May","Alpha X 987"
"55","AT&T","May","Feature Phone"
"1","AT&T","May","HomeSync"
"28","AT&T","May","Other Smartphone"
"5","AT&T","November","Alpha Alpha"
"6","AT&T","November","Alpha Beta   "
"77","AT&T","November","Alpha Beta 3"
"101","AT&T","November","Alpha Beta 4"
"14","AT&T","November","Alpha Beta 4 Edge"
"11","AT&T","November","Alpha Beta 8.0"
"31","AT&T","November","Alpha Beta II"
"1","AT&T","November","Alpha Beta Pro 12.2"
"1","AT&T","November","Alpha Camera"
"6","AT&T","November","Alpha Express"
"10","AT&T","November","Alpha Mega   "
"4","AT&T","November","Alpha Mega 2"
"3","AT&T","November","Alpha Rugby Pro"
"16","AT&T","November","Alpha S"
"18","AT&T","November","Alpha S II"
"80","AT&T","November","Alpha S III"
"11","AT&T","November","Alpha S III Mini"
"1","AT&T","November","Alpha Tablet"
"3","AT&T","November","Alpha Tablet 2 10.1"
"14","AT&T","November","Alpha Tablet 3 7.0"
"1","AT&T","November","Alpha Tablet 4 10.1"
"2","AT&T","November","Alpha Tablet 8.9"
"3","AT&T","November","Alpha Tablet S 8.4"
"186","AT&T","November","Alpha X 123"
"5","AT&T","November","Alpha X 123 Mini"
"3","AT&T","November","Alpha X 123 Zoom"
"93","AT&T","November","Alpha X 987"
"48","AT&T","November","Alpha X 987 Active"
"51","AT&T","November","Feature Phone"
"16","AT&T","November","Other Smartphone"
"10","AT&T","October","Alpha Alpha"
"11","AT&T","October","Alpha Beta   "
"72","AT&T","October","Alpha Beta 3"
"81","AT&T","October","Alpha Beta 4"
"5","AT&T","October","Alpha Beta 8.0"
"17","AT&T","October","Alpha Beta II"
"1","AT&T","October","Alpha Beta Pro 12.2"
"1","AT&T","October","Alpha Exhilarate"
"4","AT&T","October","Alpha Express"
"5","AT&T","October","Alpha Mega   "
"4","AT&T","October","Alpha Rugby Pro"
"15","AT&T","October","Alpha S"
"19","AT&T","October","Alpha S II"
"86","AT&T","October","Alpha S III"
"10","AT&T","October","Alpha S III Mini"
"4","AT&T","October","Alpha Tablet 2 10.1"
"10","AT&T","October","Alpha Tablet 3 7.0"
"2","AT&T","October","Alpha Tablet 4 8.0"
"6","AT&T","October","Alpha Tablet S 10.5"
"170","AT&T","October","Alpha X 123"
"3","AT&T","October","Alpha X 123 Mini"
"101","AT&T","October","Alpha X 987"
"50","AT&T","October","Alpha X 987 Active"
"45","AT&T","October","Feature Phone"
"25","AT&T","October","Other Smartphone"
"12","AT&T","September","Alpha Beta"
"35","AT&T","September","Alpha Beta 3"
"8","AT&T","September","Alpha Beta 8.0"
"25","AT&T","September","Alpha Beta II"
"1","AT&T","September","Alpha Beta Pro 12.2"
"2","AT&T","September","Alpha Exhilarate"
"3","AT&T","September","Alpha Express"
"11","AT&T","September","Alpha Mega   "
"2","AT&T","September","Alpha Rugby Pro"
"17","AT&T","September","Alpha S"
"11","AT&T","September","Alpha S II"
"66","AT&T","September","Alpha S III"
"6","AT&T","September","Alpha S III Mini"
"7","AT&T","September","Alpha Tablet 2 10.1"
"4","AT&T","September","Alpha Tablet 3 7.0"
"3","AT&T","September","Alpha Tablet 4 10.1"
"2","AT&T","September","Alpha Tablet 4 8.0"
"1","AT&T","September","Alpha Tablet S 10.5"
"174","AT&T","September","Alpha X 123"
"6","AT&T","September","Alpha X 123 Mini"
"91","AT&T","September","Alpha X 987"
"41","AT&T","September","Alpha X 987 Active"
"49","AT&T","September","Feature Phone"
"28","AT&T","September","Other Smartphone"
"2","BOOST MOBILE","April","Alpha Prevail"
"19","BOOST MOBILE","April","Alpha S II"
"25","BOOST MOBILE","April","Alpha S III"
"4","BOOST MOBILE","April","Alpha X 987"
"1","BOOST MOBILE","April","Feature Phone"
"24","BOOST MOBILE","April","Other Smartphone"
"1","BOOST MOBILE","August","Alpha Prevail"
"10","BOOST MOBILE","August","Alpha S II"
"7","BOOST MOBILE","August","Alpha S III"
"3","BOOST MOBILE","August","Alpha X 987"
"3","BOOST MOBILE","August","Feature Phone"
"28","BOOST MOBILE","August","Other Smartphone"
"3","BOOST MOBILE","December","Alpha Prevail"
"12","BOOST MOBILE","December","Alpha S II"
"9","BOOST MOBILE","December","Alpha S III"
"3","BOOST MOBILE","December","Alpha X 987"
"4","BOOST MOBILE","December","Feature Phone"
"38","BOOST MOBILE","December","Other Smartphone"
"4","BOOST MOBILE","February","Alpha Prevail"
"7","BOOST MOBILE","February","Alpha S II"
"21","BOOST MOBILE","February","Alpha S III"
"6","BOOST MOBILE","February","Alpha X 987"
"2","BOOST MOBILE","February","Feature Phone"
"45","BOOST MOBILE","February","Other Smartphone"
"5","BOOST MOBILE","January","Alpha Prevail"
"12","BOOST MOBILE","January","Alpha S II"
"7","BOOST MOBILE","January","Alpha S III"
"1","BOOST MOBILE","January","Alpha X 987"
"7","BOOST MOBILE","January","Feature Phone"
"41","BOOST MOBILE","January","Other Smartphone"
"2","BOOST MOBILE","July","Alpha Prevail"
"23","BOOST MOBILE","July","Alpha S II"
"20","BOOST MOBILE","July","Alpha S III"
"3","BOOST MOBILE","July","Alpha X 987"
"43","BOOST MOBILE","July","Other Smartphone"
"3","BOOST MOBILE","June","Alpha Prevail"
"16","BOOST MOBILE","June","Alpha S II"
"19","BOOST MOBILE","June","Alpha S III"
"3","BOOST MOBILE","June","Alpha X 987"
"1","BOOST MOBILE","June","Feature Phone"
"35","BOOST MOBILE","June","Other Smartphone"
"9","BOOST MOBILE","March","Alpha S II"
"16","BOOST MOBILE","March","Alpha S III"
"3","BOOST MOBILE","March","Alpha X 987"
"4","BOOST MOBILE","March","Feature Phone"
"42","BOOST MOBILE","March","Other Smartphone"
"3","BOOST MOBILE","May","Alpha Prevail"
"15","BOOST MOBILE","May","Alpha S II"
"13","BOOST MOBILE","May","Alpha S III"
"8","BOOST MOBILE","May","Alpha X 987"
"4","BOOST MOBILE","May","Feature Phone"
"52","BOOST MOBILE","May","Other Smartphone"
"9","BOOST MOBILE","November","Alpha Prevail"
"12","BOOST MOBILE","November","Alpha S II"
"13","BOOST MOBILE","November","Alpha S III"
"4","BOOST MOBILE","November","Alpha X 987"
"4","BOOST MOBILE","November","Feature Phone"
"49","BOOST MOBILE","November","Other Smartphone"
"4","BOOST MOBILE","October","Alpha Prevail"
"18","BOOST MOBILE","October","Alpha S II"
"9","BOOST MOBILE","October","Alpha S III"
"2","BOOST MOBILE","October","Alpha X 987"
"8","BOOST MOBILE","October","Feature Phone"
"42","BOOST MOBILE","October","Other Smartphone"
"8","BOOST MOBILE","September","Alpha S II"
"14","BOOST MOBILE","September","Alpha S III"
"3","BOOST MOBILE","September","Alpha X 987"
"4","BOOST MOBILE","September","Feature Phone"
"45","BOOST MOBILE","September","Other Smartphone"
"14","CRICKET","April","Alpha S III"
"6","CRICKET","April","Alpha X 123"
"1","CRICKET","April","Feature Phone"
"4","CRICKET","April","Other Smartphone"
"2","CRICKET","August","Alpha Indulge"
"8","CRICKET","August","Alpha S III"
"12","CRICKET","August","Alpha X 123"
"3","CRICKET","August","Feature Phone"
"3","CRICKET","August","Other Smartphone"
"10","CRICKET","December","Alpha S III"
"10","CRICKET","December","Alpha X 123"
"1","CRICKET","December","Feature Phone"
"2","CRICKET","December","Other Smartphone"
"22","CRICKET","February","Alpha S III"
"12","CRICKET","February","Alpha X 123"
"3","CRICKET","February","Feature Phone"
"1","CRICKET","February","Other Smartphone"
"20","CRICKET","January","Alpha S III"
"10","CRICKET","January","Alpha X 123"
"3","CRICKET","January","Feature Phone"
"2","CRICKET","January","Other Smartphone"
"11","CRICKET","July","Alpha S III"
"11","CRICKET","July","Alpha X 123"
"4","CRICKET","July","Feature Phone"
"2","CRICKET","July","Other Smartphone"
"18","CRICKET","June","Alpha S III"
"13","CRICKET","June","Alpha X 123"
"4","CRICKET","June","Feature Phone"
"2","CRICKET","June","Other Smartphone"
"12","CRICKET","March","Alpha S III"
"9","CRICKET","March","Alpha X 123"
"5","CRICKET","March","Feature Phone"
"1","CRICKET","March","Other Smartphone"
"15","CRICKET","May","Alpha S III"
"11","CRICKET","May","Alpha X 123"
"1","CRICKET","May","Other Smartphone"
"6","CRICKET","November","Alpha S III"
"9","CRICKET","November","Alpha X 123"
"1","CRICKET","November","Feature Phone"
"2","CRICKET","November","Other Smartphone"
"7","CRICKET","October","Alpha S III"
"7","CRICKET","October","Alpha X 123"
"2","CRICKET","October","Feature Phone"
"5","CRICKET","October","Other Smartphone"
"9","CRICKET","September","Alpha S III"
"12","CRICKET","September","Alpha X 123"
"3","CRICKET","September","Feature Phone"
"4","CRICKET","September","Other Smartphone"
"2","CSPIRE","August","Alpha X 123"
"3","CSPIRE","December","Alpha X 123"
"4","CSPIRE","February","Alpha X 123"
"2","CSPIRE","January","Alpha X 123"
"1","CSPIRE","July","Alpha X 123"
"1","CSPIRE","June","Alpha X 123"
"3","CSPIRE","March","Alpha X 123"
"3","CSPIRE","May","Alpha X 123"
"1","CSPIRE","October","Alpha X 123"
"1","GENERIC CDMA","April","Alpha X 123"
"1","GENERIC CDMA","August","Alpha X 123"
"2","GENERIC CDMA","December","Alpha X 123"
"2","GENERIC CDMA","January","Alpha X 123"
"2","GENERIC CDMA","July","Alpha X 123"
"3","GENERIC CDMA","June","Alpha X 123"
"1","GENERIC CDMA","March","Alpha X 123"
"2","GENERIC CDMA","May","Alpha X 123"
"3","GENERIC CDMA","November","Alpha X 123"
"2","GENERIC CDMA","October","Alpha X 123"
"1","GENERIC CDMA","September","Alpha X 123"
"1","METRO PCS","April","Alpha Indulge"
"11","METRO PCS","April","Alpha S III"
"3","METRO PCS","April","Feature Phone"
"2","METRO PCS","April","Other Smartphone"
"3","METRO PCS","August","Alpha S III"
"3","METRO PCS","August","Feature Phone"
"1","METRO PCS","December","Alpha Attain"
"27","METRO PCS","December","Alpha S III"
"3","METRO PCS","December","Feature Phone"
"2","METRO PCS","December","Other Smartphone"
"1","METRO PCS","February","Alpha Attain"
"2","METRO PCS","February","Alpha Indulge"
"12","METRO PCS","February","Alpha S III"
"7","METRO PCS","February","Feature Phone"
"1","METRO PCS","February","Other Smartphone"
"13","METRO PCS","January","Alpha S III"
"4","METRO PCS","January","Feature Phone"
"4","METRO PCS","January","Other Smartphone"
"2","METRO PCS","July","Alpha Indulge"
"10","METRO PCS","July","Alpha S III"
"2","METRO PCS","July","Feature Phone"
"1","METRO PCS","July","Other Smartphone"
"1","METRO PCS","June","Alpha Attain"
"2","METRO PCS","June","Alpha Indulge"
"16","METRO PCS","June","Alpha S III"
"6","METRO PCS","June","Feature Phone"
"1","METRO PCS","June","Other Smartphone"
"21","METRO PCS","March","Alpha S III"
"5","METRO PCS","March","Feature Phone"
"2","METRO PCS","March","Other Smartphone"
"2","METRO PCS","May","Alpha Attain"
"9","METRO PCS","May","Alpha S III"
"7","METRO PCS","May","Feature Phone"
"4","METRO PCS","May","Other Smartphone"
"1","METRO PCS","November","Alpha Attain"
"1","METRO PCS","November","Alpha Indulge"
"13","METRO PCS","November","Alpha S III"
"6","METRO PCS","November","Feature Phone"
"2","METRO PCS","November","Other Smartphone"
"6","METRO PCS","October","Alpha S III"
"7","METRO PCS","October","Feature Phone"
"1","METRO PCS","October","Other Smartphone"
"1","METRO PCS","September","Alpha Attain"
"1","METRO PCS","September","Alpha Indulge"
"5","METRO PCS","September","Alpha S III"
"3","METRO PCS","September","Feature Phone"
"3","METRO PCS","September","Other Smartphone"
"432","N/A","April","N/A"
"323","N/A","August","N/A"
"498","N/A","December","N/A"
"510","N/A","February","N/A"
"459","N/A","January","N/A"
"290","N/A","July","N/A"
"390","N/A","June","N/A"
"533","N/A","March","N/A"
"350","N/A","May","N/A"
"465","N/A","November","N/A"
"458","N/A","October","N/A"
"331","N/A","September","N/A"
"2","OPEN/GENERIC GSM","August","Alpha Theta"
"2","OPEN/GENERIC GSM","December","Alpha Theta"
"2","OPEN/GENERIC GSM","February","Alpha Theta"
"1","OPEN/GENERIC GSM","January","Alpha Theta"
"2","OPEN/GENERIC GSM","July","Alpha Theta"
"2","OPEN/GENERIC GSM","June","Alpha Theta"
"48","Other","April","Alpha Beta 10.1"
"15","Other","April","Alpha Beta 10.1 2014 Edition"
"18","Other","April","Alpha Beta 8.0"
"7","Other","April","Alpha Beta Pro 12.2"
"2","Other","April","Alpha Camera"
"1","Other","April","Alpha Gear"
"1","Other","April","Alpha S II"
"8","Other","April","Alpha S III"
"2","Other","April","Alpha S4 Mini"
"2","Other","April","Alpha Showcase"
"2","Other","April","Alpha Tablet"
"7","Other","April","Alpha Tablet 10.1"
"86","Other","April","Alpha Tablet 2 10.1"
"102","Other","April","Alpha Tablet 2 7.0"
"36","Other","April","Alpha Tablet 3 10.1"
"47","Other","April","Alpha Tablet 3 7.0"
"7","Other","April","Alpha Tablet 3 7.0 Kids"
"15","Other","April","Alpha Tablet 3 8.0"
"3","Other","April","Alpha Tablet 3 Best Buy"
"5","Other","April","Alpha Tablet 3 Garnet Red"
"12","Other","April","Alpha Tablet 3 Lite"
"14","Other","April","Alpha Tablet 4 10.1"
"42","Other","April","Alpha Tablet 4 7.0"
"6","Other","April","Alpha Tablet 4 8.0"
"16","Other","April","Alpha Tablet Pro 10.1"
"10","Other","April","Alpha Tablet Pro 12.2"
"17","Other","April","Alpha Tablet Pro 8.4"
"26","Other","April","Alpha Tablet S 10.5"
"8","Other","April","Alpha Tablet S 8.4"
"5","Other","April","Feature Phone"
"1","Other","April","Google Theta 10"
"2","Other","April","Other Smartphone"
"46","Other","August","Alpha Beta 10.1"
"9","Other","August","Alpha Beta 10.1 2014 Edition"
"32","Other","August","Alpha Beta 8.0"
"5","Other","August","Alpha Beta Pro 12.2"
"4","Other","August","Alpha Camera"
"4","Other","August","Alpha Gear"
"3","Other","August","Alpha S II"
"5","Other","August","Alpha S III"
"1","Other","August","Alpha S4 Mini"
"1","Other","August","Alpha Showcase"
"3","Other","August","Alpha Tablet"
"16","Other","August","Alpha Tablet 10.1"
"72","Other","August","Alpha Tablet 2 10.1"
"1","Other","August","Alpha Tablet 2 10.1 Student Edition"
"104","Other","August","Alpha Tablet 2 7.0"
"30","Other","August","Alpha Tablet 3 10.1"
"52","Other","August","Alpha Tablet 3 7.0"
"4","Other","August","Alpha Tablet 3 7.0 Kids"
"27","Other","August","Alpha Tablet 3 8.0"
"4","Other","August","Alpha Tablet 3 Best Buy"
"15","Other","August","Alpha Tablet 3 Lite"
"21","Other","August","Alpha Tablet 4 10.1"
"41","Other","August","Alpha Tablet 4 7.0"
"13","Other","August","Alpha Tablet 4 8.0"
"1","Other","August","Alpha Tablet 8.9"
"2","Other","August","Alpha Tablet Pro 10.1"
"9","Other","August","Alpha Tablet Pro 12.2"
"11","Other","August","Alpha Tablet Pro 8.4"
"18","Other","August","Alpha Tablet S 10.5"
"10","Other","August","Alpha Tablet S 8.4"
"1","Other","December","All-Share Cast Hub"
"103","Other","December","Alpha Beta 10.1"
"80","Other","December","Alpha Beta 10.1 2014 Edition"
"42","Other","December","Alpha Beta 8.0"
"13","Other","December","Alpha Beta Pro 12.2"
"2","Other","December","Alpha Camera"
"1","Other","December","Alpha Gear"
"2","Other","December","Alpha Gear 2 Neo"
"2","Other","December","Alpha Gear Fit"
"1","Other","December","Alpha Gear Live"
"7","Other","December","Alpha S III"
"1","Other","December","Alpha Showcase"
"5","Other","December","Alpha Tablet"
"11","Other","December","Alpha Tablet 10.1"
"164","Other","December","Alpha Tablet 2 10.1"
"293","Other","December","Alpha Tablet 2 7.0"
"195","Other","December","Alpha Tablet 3 10.1"
"239","Other","December","Alpha Tablet 3 7.0"
"38","Other","December","Alpha Tablet 3 7.0 Kids"
"74","Other","December","Alpha Tablet 3 8.0"
"8","Other","December","Alpha Tablet 3 Best Buy"
"2","Other","December","Alpha Tablet 3 Garnet Red"
"48","Other","December","Alpha Tablet 3 Lite"
"133","Other","December","Alpha Tablet 4 10.1"
"187","Other","December","Alpha Tablet 4 7.0"
"37","Other","December","Alpha Tablet 4 8.0"
"2","Other","December","Alpha Tablet 8.9"
"4","Other","December","Alpha Tablet Pro 10.1"
"17","Other","December","Alpha Tablet Pro 12.2"
"40","Other","December","Alpha Tablet Pro 8.4"
"64","Other","December","Alpha Tablet S 10.5"
"21","Other","December","Alpha Tablet S 8.4"
"5","Other","December","Feature Phone"
"1","Other","December","Other Smartphone"
"51","Other","February","Alpha Beta 10.1"
"44","Other","February","Alpha Beta 10.1 2014 Edition"
"29","Other","February","Alpha Beta 8.0"
"10","Other","February","Alpha Beta Pro 12.2"
"1","Other","February","Alpha Camera"
"1","Other","February","Alpha Gear 2"
"1","Other","February","Alpha Gear Fit"
"1","Other","February","Alpha S II"
"11","Other","February","Alpha S III"
"2","Other","February","Alpha S4 Mini"
"1","Other","February","Alpha Showcase"
"2","Other","February","Alpha Tablet"
"8","Other","February","Alpha Tablet 10.1"
"66","Other","February","Alpha Tablet 2 10.1"
"157","Other","February","Alpha Tablet 2 7.0"
"65","Other","February","Alpha Tablet 3 10.1"
"128","Other","February","Alpha Tablet 3 7.0"
"33","Other","February","Alpha Tablet 3 7.0 Kids"
"39","Other","February","Alpha Tablet 3 8.0"
"4","Other","February","Alpha Tablet 3 Best Buy"
"7","Other","February","Alpha Tablet 3 Garnet Red"
"9","Other","February","Alpha Tablet 3 Lite"
"32","Other","February","Alpha Tablet 4 10.1"
"69","Other","February","Alpha Tablet 4 7.0"
"6","Other","February","Alpha Tablet 4 8.0"
"3","Other","February","Alpha Tablet 8.9"
"10","Other","February","Alpha Tablet Pro 10.1"
"4","Other","February","Alpha Tablet Pro 12.2"
"10","Other","February","Alpha Tablet Pro 8.4"
"21","Other","February","Alpha Tablet S 10.5"
"15","Other","February","Alpha Tablet S 8.4"
"1","Other","February","Alpha X 123"
"9","Other","February","Feature Phone"
"1","Other","February","Google Theta 10"
"1","Other","February","Other Smartphone"
"98","Other","January","Alpha Beta 10.1"
"34","Other","January","Alpha Beta 10.1 2014 Edition"
"54","Other","January","Alpha Beta 8.0"
"8","Other","January","Alpha Beta Pro 12.2"
"2","Other","January","Alpha Camera"
"1","Other","January","Alpha Gear 2"
"3","Other","January","Alpha Gear 2 Neo"
"2","Other","January","Alpha Gear Fit"
"4","Other","January","Alpha S II"
"12","Other","January","Alpha S III"
"2","Other","January","Alpha S4 Mini"
"1","Other","January","Alpha Showcase"
"6","Other","January","Alpha Tablet"
"9","Other","January","Alpha Tablet 10.1"
"183","Other","January","Alpha Tablet 2 10.1"
"2","Other","January","Alpha Tablet 2 10.1 Student Edition"
"269","Other","January","Alpha Tablet 2 7.0"
"81","Other","January","Alpha Tablet 3 10.1"
"199","Other","January","Alpha Tablet 3 7.0"
"33","Other","January","Alpha Tablet 3 7.0 Kids"
"56","Other","January","Alpha Tablet 3 8.0"
"2","Other","January","Alpha Tablet 3 Best Buy"
"2","Other","January","Alpha Tablet 3 Garnet Red"
"8","Other","January","Alpha Tablet 3 Lite"
"37","Other","January","Alpha Tablet 4 10.1"
"65","Other","January","Alpha Tablet 4 7.0"
"10","Other","January","Alpha Tablet 4 8.0"
"1","Other","January","Alpha Tablet Pro 10.1"
"10","Other","January","Alpha Tablet Pro 12.2"
"15","Other","January","Alpha Tablet Pro 8.4"
"31","Other","January","Alpha Tablet S 10.5"
"11","Other","January","Alpha Tablet S 8.4"
"1","Other","January","Alpha X 123"
"5","Other","January","Feature Phone"
"1","Other","January","Google Theta 10"
"47","Other","July","Alpha Beta 10.1"
"13","Other","July","Alpha Beta 10.1 2014 Edition"
"39","Other","July","Alpha Beta 8.0"
"6","Other","July","Alpha Beta Pro 12.2"
"4","Other","July","Alpha Camera"
"1","Other","July","Alpha Gear"
"1","Other","July","Alpha Gear 2"
"5","Other","July","Alpha S III"
"2","Other","July","Alpha Tablet"
"13","Other","July","Alpha Tablet 10.1"
"86","Other","July","Alpha Tablet 2 10.1"
"1","Other","July","Alpha Tablet 2 10.1 Student Edition"
"143","Other","July","Alpha Tablet 2 7.0"
"19","Other","July","Alpha Tablet 3 10.1"
"35","Other","July","Alpha Tablet 3 7.0"
"9","Other","July","Alpha Tablet 3 7.0 Kids"
"13","Other","July","Alpha Tablet 3 8.0"
"1","Other","July","Alpha Tablet 3 Garnet Red"
"23","Other","July","Alpha Tablet 3 Lite"
"20","Other","July","Alpha Tablet 4 10.1"
"35","Other","July","Alpha Tablet 4 7.0"
"7","Other","July","Alpha Tablet 4 8.0"
"1","Other","July","Alpha Tablet 7.7"
"1","Other","July","Alpha Tablet 8.9"
"8","Other","July","Alpha Tablet Pro 10.1"
"9","Other","July","Alpha Tablet Pro 12.2"
"3","Other","July","Alpha Tablet Pro 8.4"
"20","Other","July","Alpha Tablet S 10.5"
"12","Other","July","Alpha Tablet S 8.4"
"1","Other","July","Alpha X 123"
"1","Other","July","Feature Phone"
"43","Other","June","Alpha Beta 10.1"
"13","Other","June","Alpha Beta 10.1 2014 Edition"
"23","Other","June","Alpha Beta 8.0"
"10","Other","June","Alpha Beta Pro 12.2"
"3","Other","June","Alpha Camera"
"1","Other","June","Alpha Gear"
"1","Other","June","Alpha Gear 2"
"1","Other","June","Alpha Gear Fit"
"3","Other","June","Alpha S II"
"7","Other","June","Alpha S III"
"1","Other","June","Alpha Tablet"
"18","Other","June","Alpha Tablet 10.1"
"111","Other","June","Alpha Tablet 2 10.1"
"172","Other","June","Alpha Tablet 2 7.0"
"13","Other","June","Alpha Tablet 3 10.1"
"16","Other","June","Alpha Tablet 3 7.0"
"5","Other","June","Alpha Tablet 3 7.0 Kids"
"11","Other","June","Alpha Tablet 3 8.0"
"1","Other","June","Alpha Tablet 3 Best Buy"
"11","Other","June","Alpha Tablet 3 Lite"
"21","Other","June","Alpha Tablet 4 10.1"
"23","Other","June","Alpha Tablet 4 7.0"
"17","Other","June","Alpha Tablet 4 8.0"
"11","Other","June","Alpha Tablet Pro 10.1"
"18","Other","June","Alpha Tablet Pro 12.2"
"12","Other","June","Alpha Tablet Pro 8.4"
"7","Other","June","Alpha Tablet S 10.5"
"3","Other","June","Alpha Tablet S 8.4"
"2","Other","June","Feature Phone"
"1","Other","June","Other Smartphone"
"44","Other","March","Alpha Beta 10.1"
"10","Other","March","Alpha Beta 10.1 2014 Edition"
"7","Other","March","Alpha Beta 8.0"
"12","Other","March","Alpha Beta Pro 12.2"
"1","Other","March","Alpha Camera"
"1","Other","March","Alpha Gear"
"1","Other","March","Alpha Gear Fit"
"2","Other","March","Alpha S II"
"18","Other","March","Alpha S III"
"3","Other","March","Alpha Tablet"
"8","Other","March","Alpha Tablet 10.1"
"95","Other","March","Alpha Tablet 2 10.1"
"153","Other","March","Alpha Tablet 2 7.0"
"22","Other","March","Alpha Tablet 3 10.1"
"32","Other","March","Alpha Tablet 3 7.0"
"12","Other","March","Alpha Tablet 3 7.0 Kids"
"9","Other","March","Alpha Tablet 3 8.0"
"2","Other","March","Alpha Tablet 3 Best Buy"
"3","Other","March","Alpha Tablet 3 Garnet Red"
"7","Other","March","Alpha Tablet 3 Lite"
"30","Other","March","Alpha Tablet 4 10.1"
"40","Other","March","Alpha Tablet 4 7.0"
"14","Other","March","Alpha Tablet 4 8.0"
"1","Other","March","Alpha Tablet 8.9"
"19","Other","March","Alpha Tablet Pro 10.1"
"12","Other","March","Alpha Tablet Pro 12.2"
"16","Other","March","Alpha Tablet Pro 8.4"
"23","Other","March","Alpha Tablet S 10.5"
"9","Other","March","Alpha Tablet S 8.4"
"1","Other","March","Alpha X 123"
"3","Other","March","Feature Phone"
"1","Other","March","Google Theta 10"
"1","Other","May","All-Share Cast Hub"
"38","Other","May","Alpha Beta 10.1"
"13","Other","May","Alpha Beta 10.1 2014 Edition"
"22","Other","May","Alpha Beta 8.0"
"9","Other","May","Alpha Beta Pro 12.2"
"1","Other","May","Alpha Camera"
"2","Other","May","Alpha Gear 2"
"3","Other","May","Alpha S II"
"2","Other","May","Alpha S III"
"3","Other","May","Alpha Tablet"
"7","Other","May","Alpha Tablet 10.1"
"97","Other","May","Alpha Tablet 2 10.1"
"157","Other","May","Alpha Tablet 2 7.0"
"25","Other","May","Alpha Tablet 3 10.1"
"53","Other","May","Alpha Tablet 3 7.0"
"6","Other","May","Alpha Tablet 3 7.0 Kids"
"9","Other","May","Alpha Tablet 3 8.0"
"2","Other","May","Alpha Tablet 3 Best Buy"
"1","Other","May","Alpha Tablet 3 Garnet Red"
"15","Other","May","Alpha Tablet 3 Lite"
"25","Other","May","Alpha Tablet 4 10.1"
"12","Other","May","Alpha Tablet 4 7.0"
"18","Other","May","Alpha Tablet 4 8.0"
"18","Other","May","Alpha Tablet Pro 10.1"
"6","Other","May","Alpha Tablet Pro 12.2"
"5","Other","May","Alpha Tablet Pro 8.4"
"4","Other","May","Feature Phone"
"54","Other","November","Alpha Beta 10.1"
"86","Other","November","Alpha Beta 10.1 2014 Edition"
"34","Other","November","Alpha Beta 8.0"
"11","Other","November","Alpha Beta Pro 12.2"
"3","Other","November","Alpha Camera"
"4","Other","November","Alpha Gear"
"1","Other","November","Alpha Gear 2 Neo"
"1","Other","November","Alpha Gear Fit"
"3","Other","November","Alpha S II"
"9","Other","November","Alpha S III"
"1","Other","November","Alpha Tablet"
"10","Other","November","Alpha Tablet 10.1"
"97","Other","November","Alpha Tablet 2 10.1"
"2","Other","November","Alpha Tablet 2 10.1 Student Edition"
"155","Other","November","Alpha Tablet 2 7.0"
"69","Other","November","Alpha Tablet 3 10.1"
"110","Other","November","Alpha Tablet 3 7.0"
"14","Other","November","Alpha Tablet 3 7.0 Kids"
"25","Other","November","Alpha Tablet 3 8.0"
"3","Other","November","Alpha Tablet 3 Best Buy"
"1","Other","November","Alpha Tablet 3 Garnet Red"
"17","Other","November","Alpha Tablet 3 Lite"
"37","Other","November","Alpha Tablet 4 10.1"
"54","Other","November","Alpha Tablet 4 7.0"
"5","Other","November","Alpha Tablet 4 8.0"
"2","Other","November","Alpha Tablet Pro 10.1"
"5","Other","November","Alpha Tablet Pro 12.2"
"27","Other","November","Alpha Tablet Pro 8.4"
"26","Other","November","Alpha Tablet S 10.5"
"10","Other","November","Alpha Tablet S 8.4"
"2","Other","November","Alpha X 123"
"3","Other","November","Feature Phone"
"1","Other","November","Google Theta 10"
"45","Other","October","Alpha Beta 10.1"
"31","Other","October","Alpha Beta 10.1 2014 Edition"
"32","Other","October","Alpha Beta 8.0"
"3","Other","October","Alpha Beta Pro 12.2"
"2","Other","October","Alpha Camera"
"5","Other","October","Alpha Gear"
"1","Other","October","Alpha Gear 2"
"3","Other","October","Alpha Gear Fit"
"6","Other","October","Alpha S III"
"2","Other","October","Alpha Showcase"
"1","Other","October","Alpha Tablet"
"11","Other","October","Alpha Tablet 10.1"
"64","Other","October","Alpha Tablet 2 10.1"
"5","Other","October","Alpha Tablet 2 10.1 Student Edition"
"93","Other","October","Alpha Tablet 2 7.0"
"37","Other","October","Alpha Tablet 3 10.1"
"92","Other","October","Alpha Tablet 3 7.0"
"6","Other","October","Alpha Tablet 3 7.0 Kids"
"35","Other","October","Alpha Tablet 3 8.0"
"1","Other","October","Alpha Tablet 3 Best Buy"
"1","Other","October","Alpha Tablet 3 Garnet Red"
"2","Other","October","Alpha Tablet 3 Lite"
"20","Other","October","Alpha Tablet 4 10.1"
"50","Other","October","Alpha Tablet 4 7.0"
"13","Other","October","Alpha Tablet 4 8.0"
"5","Other","October","Alpha Tablet Pro 10.1"
"5","Other","October","Alpha Tablet Pro 12.2"
"7","Other","October","Alpha Tablet Pro 8.4"
"19","Other","October","Alpha Tablet S 10.5"
"16","Other","October","Alpha Tablet S 8.4"
"1","Other","October","Alpha X 123"
"1","Other","October","ATIV 10.1"
"1","Other","October","Feature Phone"
"1","Other","October","Google Theta 10"
"2","Other","October","Other Smartphone"
"62","Other","September","Alpha Beta 10.1"
"15","Other","September","Alpha Beta 10.1 2014 Edition"
"43","Other","September","Alpha Beta 8.0"
"3","Other","September","Alpha Beta Pro 12.2"
"1","Other","September","Alpha Camera"
"1","Other","September","Alpha Gear"
"1","Other","September","Alpha Gear Fit"
"2","Other","September","Alpha S II"
"3","Other","September","Alpha S III"
"2","Other","September","Alpha Tablet"
"7","Other","September","Alpha Tablet 10.1"
"69","Other","September","Alpha Tablet 2 10.1"
"4","Other","September","Alpha Tablet 2 10.1 Student Edition"
"104","Other","September","Alpha Tablet 2 7.0"
"44","Other","September","Alpha Tablet 3 10.1"
"68","Other","September","Alpha Tablet 3 7.0"
"2","Other","September","Alpha Tablet 3 7.0 Kids"
"31","Other","September","Alpha Tablet 3 8.0"
"1","Other","September","Alpha Tablet 3 Best Buy"
"2","Other","September","Alpha Tablet 3 Garnet Red"
"9","Other","September","Alpha Tablet 3 Lite"
"27","Other","September","Alpha Tablet 4 10.1"
"54","Other","September","Alpha Tablet 4 7.0"
"7","Other","September","Alpha Tablet 4 8.0"
"2","Other","September","Alpha Tablet 8.9"
"4","Other","September","Alpha Tablet Pro 10.1"
"3","Other","September","Alpha Tablet Pro 12.2"
"10","Other","September","Alpha Tablet Pro 8.4"
"21","Other","September","Alpha Tablet S 10.5"
"9","Other","September","Alpha Tablet S 8.4"
"2","Other","September","Feature Phone"
"48","SPRINT","April","Alpha Beta 3"
"40","SPRINT","April","Alpha Beta 4"
"3","SPRINT","April","Alpha Beta 4 Edge"
"45","SPRINT","April","Alpha Beta II"
"1","SPRINT","April","Alpha Gear S"
"6","SPRINT","April","Alpha Mega   "
"6","SPRINT","April","Alpha S"
"6","SPRINT","April","Alpha S II"
"139","SPRINT","April","Alpha S III"
"2","SPRINT","April","Alpha Tablet"
"42","SPRINT","April","Alpha Tablet 3 7.0"
"3","SPRINT","April","Alpha Tablet 4 7.0"
"1","SPRINT","April","Alpha Tablet S 10.5"
"2","SPRINT","April","Alpha Theta"
"6","SPRINT","April","Alpha Victory"
"59","SPRINT","April","Alpha X 123"
"2","SPRINT","April","Alpha X 123 Mini"
"131","SPRINT","April","Alpha X 987"
"63","SPRINT","April","Alpha Z 7"
"30","SPRINT","April","Alpha Z 7 edge"
"10","SPRINT","April","Feature Phone"
"9","SPRINT","April","Other Smartphone"
"19","SPRINT","August","Alpha Beta 3"
"5","SPRINT","August","Alpha Beta 4"
"28","SPRINT","August","Alpha Beta II"
"6","SPRINT","August","Alpha Mega   "
"2","SPRINT","August","Alpha S"
"8","SPRINT","August","Alpha S II"
"215","SPRINT","August","Alpha S III"
"52","SPRINT","August","Alpha Tablet 3 7.0"
"2","SPRINT","August","Alpha Theta"
"9","SPRINT","August","Alpha Victory"
"114","SPRINT","August","Alpha X 123"
"5","SPRINT","August","Alpha X 123 Mini"
"65","SPRINT","August","Alpha X 987"
"18","SPRINT","August","Feature Phone"
"11","SPRINT","August","Other Smartphone"
"44","SPRINT","December","Alpha Beta 3"
"50","SPRINT","December","Alpha Beta 4"
"7","SPRINT","December","Alpha Beta 4 Edge"
"63","SPRINT","December","Alpha Beta II"
"2","SPRINT","December","Alpha Mega   "
"7","SPRINT","December","Alpha S"
"2","SPRINT","December","Alpha S II"
"339","SPRINT","December","Alpha S III"
"5","SPRINT","December","Alpha Tablet"
"1","SPRINT","December","Alpha Tablet 10.1"
"85","SPRINT","December","Alpha Tablet 3 7.0"
"14","SPRINT","December","Alpha Tablet 4 7.0"
"3","SPRINT","December","Alpha Tablet S 10.5"
"12","SPRINT","December","Alpha Victory"
"115","SPRINT","December","Alpha X 123"
"12","SPRINT","December","Alpha X 123 Mini"
"103","SPRINT","December","Alpha X 987"
"13","SPRINT","December","Feature Phone"
"11","SPRINT","December","Other Smartphone"
"48","SPRINT","February","Alpha Beta 3"
"42","SPRINT","February","Alpha Beta 4"
"6","SPRINT","February","Alpha Beta 4 Edge"
"59","SPRINT","February","Alpha Beta II"
"13","SPRINT","February","Alpha Mega   "
"4","SPRINT","February","Alpha S"
"6","SPRINT","February","Alpha S II"
"148","SPRINT","February","Alpha S III"
"6","SPRINT","February","Alpha Tablet"
"2","SPRINT","February","Alpha Tablet 2 10.1"
"79","SPRINT","February","Alpha Tablet 3 7.0"
"41","SPRINT","February","Alpha Tablet 4 7.0"
"2","SPRINT","February","Alpha Tablet S 10.5"
"8","SPRINT","February","Alpha Victory"
"91","SPRINT","February","Alpha X 123"
"11","SPRINT","February","Alpha X 123 Mini"
"65","SPRINT","February","Alpha X 987"
"15","SPRINT","February","Feature Phone"
"6","SPRINT","February","Other Smartphone"
"49","SPRINT","January","Alpha Beta 3"
"41","SPRINT","January","Alpha Beta 4"
"8","SPRINT","January","Alpha Beta 4 Edge"
"90","SPRINT","January","Alpha Beta II"
"7","SPRINT","January","Alpha Mega   "
"9","SPRINT","January","Alpha S"
"7","SPRINT","January","Alpha S II"
"314","SPRINT","January","Alpha S III"
"3","SPRINT","January","Alpha Tablet"
"2","SPRINT","January","Alpha Tablet 2 10.1"
"111","SPRINT","January","Alpha Tablet 3 7.0"
"7","SPRINT","January","Alpha Tablet 4 7.0"
"1","SPRINT","January","Alpha Tablet S 10.5"
"11","SPRINT","January","Alpha Victory"
"137","SPRINT","January","Alpha X 123"
"12","SPRINT","January","Alpha X 123 Mini"
"76","SPRINT","January","Alpha X 987"
"16","SPRINT","January","Feature Phone"
"1","SPRINT","January","Other Smartphone"
"21","SPRINT","July","Alpha Beta 3"
"44","SPRINT","July","Alpha Beta II"
"10","SPRINT","July","Alpha Mega   "
"9","SPRINT","July","Alpha S II"
"281","SPRINT","July","Alpha S III"
"47","SPRINT","July","Alpha Tablet 3 7.0"
"1","SPRINT","July","Alpha Theta"
"14","SPRINT","July","Alpha Victory"
"106","SPRINT","July","Alpha X 123"
"3","SPRINT","July","Alpha X 123 Mini"
"72","SPRINT","July","Alpha X 987"
"19","SPRINT","July","Feature Phone"
"13","SPRINT","July","Other Smartphone"
"28","SPRINT","June","Alpha Beta 3"
"38","SPRINT","June","Alpha Beta II"
"12","SPRINT","June","Alpha Mega   "
"2","SPRINT","June","Alpha S"
"5","SPRINT","June","Alpha S II"
"225","SPRINT","June","Alpha S III"
"2","SPRINT","June","Alpha Tablet"
"2","SPRINT","June","Alpha Tablet 10.1"
"2","SPRINT","June","Alpha Tablet 2 10.1"
"48","SPRINT","June","Alpha Tablet 3 7.0"
"12","SPRINT","June","Alpha Victory"
"115","SPRINT","June","Alpha X 123"
"4","SPRINT","June","Alpha X 123 Mini"
"79","SPRINT","June","Alpha X 987"
"16","SPRINT","June","Feature Phone"
"6","SPRINT","June","Other Smartphone"
"47","SPRINT","March","Alpha Beta 3"
"50","SPRINT","March","Alpha Beta 4"
"6","SPRINT","March","Alpha Beta 4 Edge"
"78","SPRINT","March","Alpha Beta II"
"4","SPRINT","March","Alpha Mega   "
"7","SPRINT","March","Alpha S"
"4","SPRINT","March","Alpha S II"
"278","SPRINT","March","Alpha S III"
"1","SPRINT","March","Alpha Tablet"
"32","SPRINT","March","Alpha Tablet 3 7.0"
"24","SPRINT","March","Alpha Tablet 4 7.0"
"2","SPRINT","March","Alpha Tablet S 10.5"
"1","SPRINT","March","Alpha Victory"
"94","SPRINT","March","Alpha X 123"
"14","SPRINT","March","Alpha X 123 Mini"
"82","SPRINT","March","Alpha X 987"
"8","SPRINT","March","Feature Phone"
"9","SPRINT","March","Other Smartphone"
"35","SPRINT","May","Alpha Beta 3"
"25","SPRINT","May","Alpha Beta II"
"2","SPRINT","May","Alpha Mega   "
"4","SPRINT","May","Alpha S"
"6","SPRINT","May","Alpha S II"
"196","SPRINT","May","Alpha S III"
"5","SPRINT","May","Alpha Tablet"
"1","SPRINT","May","Alpha Tablet 10.1"
"41","SPRINT","May","Alpha Tablet 3 7.0"
"9","SPRINT","May","Alpha Victory"
"130","SPRINT","May","Alpha X 123"
"4","SPRINT","May","Alpha X 123 Mini"
"100","SPRINT","May","Alpha X 987"
"13","SPRINT","May","Feature Phone"
"13","SPRINT","May","Other Smartphone"
"49","SPRINT","November","Alpha Beta 3"
"49","SPRINT","November","Alpha Beta 4"
"2","SPRINT","November","Alpha Beta 4 Edge"
"50","SPRINT","November","Alpha Beta II"
"1","SPRINT","November","Alpha Gear S"
"3","SPRINT","November","Alpha Mega   "
"7","SPRINT","November","Alpha S"
"6","SPRINT","November","Alpha S II"
"259","SPRINT","November","Alpha S III"
"1","SPRINT","November","Alpha Tablet 10.1"
"1","SPRINT","November","Alpha Tablet 2 10.1"
"70","SPRINT","November","Alpha Tablet 3 7.0"
"18","SPRINT","November","Alpha Tablet 4 7.0"
"2","SPRINT","November","Alpha Tablet S 10.5"
"9","SPRINT","November","Alpha Victory"
"101","SPRINT","November","Alpha X 123"
"4","SPRINT","November","Alpha X 123 Mini"
"79","SPRINT","November","Alpha X 987"
"11","SPRINT","November","Feature Phone"
"3","SPRINT","November","Other Smartphone"
"54","SPRINT","October","Alpha Beta 3"
"63","SPRINT","October","Alpha Beta 4"
"3","SPRINT","October","Alpha Beta 4 Edge"
"21","SPRINT","October","Alpha Beta II"
"9","SPRINT","October","Alpha Mega   "
"7","SPRINT","October","Alpha S"
"7","SPRINT","October","Alpha S II"
"221","SPRINT","October","Alpha S III"
"2","SPRINT","October","Alpha Tablet"
"1","SPRINT","October","Alpha Tablet 2 10.1"
"71","SPRINT","October","Alpha Tablet 3 7.0"
"8","SPRINT","October","Alpha Tablet 4 7.0"
"1","SPRINT","October","Alpha Tablet S 10.5"
"1","SPRINT","October","Alpha Theta"
"10","SPRINT","October","Alpha Victory"
"118","SPRINT","October","Alpha X 123"
"1","SPRINT","October","Alpha X 123 Mini"
"81","SPRINT","October","Alpha X 987"
"8","SPRINT","October","Feature Phone"
"4","SPRINT","October","Other Smartphone"
"38","SPRINT","September","Alpha Beta 3"
"2","SPRINT","September","Alpha Beta 4"
"2","SPRINT","September","Alpha Beta 4 Edge"
"17","SPRINT","September","Alpha Beta II"
"2","SPRINT","September","Alpha Mega   "
"9","SPRINT","September","Alpha S"
"3","SPRINT","September","Alpha S II"
"187","SPRINT","September","Alpha S III"
"2","SPRINT","September","Alpha Tablet"
"1","SPRINT","September","Alpha Tablet 10.1"
"1","SPRINT","September","Alpha Tablet 2 10.1"
"34","SPRINT","September","Alpha Tablet 3 7.0"
"8","SPRINT","September","Alpha Tablet 4 7.0"
"1","SPRINT","September","Alpha Theta"
"4","SPRINT","September","Alpha Victory"
"99","SPRINT","September","Alpha X 123"
"3","SPRINT","September","Alpha X 123 Mini"
"77","SPRINT","September","Alpha X 987"
"10","SPRINT","September","Feature Phone"
"5","SPRINT","September","Other Smartphone"
"30","T-MOBILE","April","Alpha Avant"
"81","T-MOBILE","April","Alpha Beta 3"
"36","T-MOBILE","April","Alpha Beta 4"
"6","T-MOBILE","April","Alpha Beta 4 Edge"
"45","T-MOBILE","April","Alpha Beta II"
"4","T-MOBILE","April","Alpha Exhibit"
"16","T-MOBILE","April","Alpha Light"
"3","T-MOBILE","April","Alpha Relay"
"10","T-MOBILE","April","Alpha S"
"4","T-MOBILE","April","Alpha S Blaze"
"36","T-MOBILE","April","Alpha S II"
"149","T-MOBILE","April","Alpha S III"
"5","T-MOBILE","April","Alpha Tablet"
"1","T-MOBILE","April","Alpha Tablet 2 10.1"
"4","T-MOBILE","April","Alpha Tablet 3 7.0"
"2","T-MOBILE","April","Alpha Tablet 4 8.0"
"117","T-MOBILE","April","Alpha X 123"
"236","T-MOBILE","April","Alpha X 987"
"56","T-MOBILE","April","Alpha Z 7"
"85","T-MOBILE","April","Alpha Z 7 edge"
"15","T-MOBILE","April","Feature Phone"
"15","T-MOBILE","April","Other Smartphone"
"14","T-MOBILE","August","Alpha Avant"
"58","T-MOBILE","August","Alpha Beta 3"
"35","T-MOBILE","August","Alpha Beta II"
"11","T-MOBILE","August","Alpha Exhibit"
"20","T-MOBILE","August","Alpha Light"
"1","T-MOBILE","August","Alpha Relay"
"10","T-MOBILE","August","Alpha S"
"4","T-MOBILE","August","Alpha S Blaze"
"30","T-MOBILE","August","Alpha S II"
"198","T-MOBILE","August","Alpha S III"
"1","T-MOBILE","August","Alpha Tablet"
"1","T-MOBILE","August","Alpha Tablet 2 10.1"
"2","T-MOBILE","August","Alpha Tablet 3 7.0"
"1","T-MOBILE","August","Alpha Tablet 4 8.0"
"182","T-MOBILE","August","Alpha X 123"
"114","T-MOBILE","August","Alpha X 987"
"7","T-MOBILE","August","Feature Phone"
"9","T-MOBILE","August","Other Smartphone"
"28","T-MOBILE","December","Alpha Avant"
"1","T-MOBILE","December","Alpha Beta   "
"2","T-MOBILE","December","Alpha Beta 10.1 2014"
"70","T-MOBILE","December","Alpha Beta 3"
"85","T-MOBILE","December","Alpha Beta 4"
"6","T-MOBILE","December","Alpha Beta 4 Edge"
"63","T-MOBILE","December","Alpha Beta II"
"9","T-MOBILE","December","Alpha Exhibit"
"1","T-MOBILE","December","Alpha Exhibit II 4G"
"19","T-MOBILE","December","Alpha Light"
"4","T-MOBILE","December","Alpha Relay"
"11","T-MOBILE","December","Alpha S"
"9","T-MOBILE","December","Alpha S Blaze"
"32","T-MOBILE","December","Alpha S II"
"271","T-MOBILE","December","Alpha S III"
"11","T-MOBILE","December","Alpha Tablet"
"1","T-MOBILE","December","Alpha Tablet 2 10.1"
"1","T-MOBILE","December","Alpha Tablet 3 7.0"
"8","T-MOBILE","December","Alpha Tablet 4 8.0"
"150","T-MOBILE","December","Alpha X 123"
"95","T-MOBILE","December","Alpha X 987"
"12","T-MOBILE","December","Feature Phone"
"11","T-MOBILE","December","Other Smartphone"
"70","T-MOBILE","February","Alpha Avant"
"2","T-MOBILE","February","Alpha Beta 10.1 2014"
"96","T-MOBILE","February","Alpha Beta 3"
"89","T-MOBILE","February","Alpha Beta 4"
"10","T-MOBILE","February","Alpha Beta 4 Edge"
"48","T-MOBILE","February","Alpha Beta II"
"3","T-MOBILE","February","Alpha Exhibit"
"22","T-MOBILE","February","Alpha Light"
"9","T-MOBILE","February","Alpha S"
"1","T-MOBILE","February","Alpha S Blaze"
"27","T-MOBILE","February","Alpha S II"
"199","T-MOBILE","February","Alpha S III"
"3","T-MOBILE","February","Alpha Tablet"
"1","T-MOBILE","February","Alpha Tablet 3 7.0"
"3","T-MOBILE","February","Alpha Tablet 4 8.0"
"147","T-MOBILE","February","Alpha X 123"
"103","T-MOBILE","February","Alpha X 987"
"11","T-MOBILE","February","Feature Phone"
"14","T-MOBILE","February","Other Smartphone"
"31","T-MOBILE","January","Alpha Avant"
"5","T-MOBILE","January","Alpha Beta   "
"3","T-MOBILE","January","Alpha Beta 10.1 2014"
"65","T-MOBILE","January","Alpha Beta 3"
"70","T-MOBILE","January","Alpha Beta 4"
"9","T-MOBILE","January","Alpha Beta 4 Edge"
"88","T-MOBILE","January","Alpha Beta II"
"12","T-MOBILE","January","Alpha Exhibit"
"3","T-MOBILE","January","Alpha Exhibit II 4G"
"22","T-MOBILE","January","Alpha Light"
"6","T-MOBILE","January","Alpha Relay"
"12","T-MOBILE","January","Alpha S"
"6","T-MOBILE","January","Alpha S Blaze"
"40","T-MOBILE","January","Alpha S II"
"301","T-MOBILE","January","Alpha S III"
"10","T-MOBILE","January","Alpha Tablet"
"4","T-MOBILE","January","Alpha Tablet 2 10.1"
"2","T-MOBILE","January","Alpha Tablet 4 8.0"
"182","T-MOBILE","January","Alpha X 123"
"1","T-MOBILE","January","Alpha X 123G"
"98","T-MOBILE","January","Alpha X 987"
"14","T-MOBILE","January","Feature Phone"
"16","T-MOBILE","January","Other Smartphone"
"1","T-MOBILE","July","Alpha Avant"
"1","T-MOBILE","July","Alpha Beta 10.1 2014"
"50","T-MOBILE","July","Alpha Beta 3"
"32","T-MOBILE","July","Alpha Beta II"
"9","T-MOBILE","July","Alpha Exhibit"
"1","T-MOBILE","July","Alpha Exhibit II 4G"
"19","T-MOBILE","July","Alpha Light"
"3","T-MOBILE","July","Alpha Relay"
"8","T-MOBILE","July","Alpha S"
"2","T-MOBILE","July","Alpha S Blaze"
"30","T-MOBILE","July","Alpha S II"
"211","T-MOBILE","July","Alpha S III"
"3","T-MOBILE","July","Alpha Tablet"
"1","T-MOBILE","July","Alpha Tablet 2 10.1"
"3","T-MOBILE","July","Alpha Tablet 3 7.0"
"1","T-MOBILE","July","Alpha Tablet 4 8.0"
"182","T-MOBILE","July","Alpha X 123"
"122","T-MOBILE","July","Alpha X 987"
"11","T-MOBILE","July","Feature Phone"
"10","T-MOBILE","July","Other Smartphone"
"6","T-MOBILE","June","Alpha Beta 10.1 2014"
"56","T-MOBILE","June","Alpha Beta 3"
"30","T-MOBILE","June","Alpha Beta II"
"9","T-MOBILE","June","Alpha Exhibit"
"21","T-MOBILE","June","Alpha Light"
"3","T-MOBILE","June","Alpha Relay"
"4","T-MOBILE","June","Alpha S"
"4","T-MOBILE","June","Alpha S Blaze"
"52","T-MOBILE","June","Alpha S II"
"143","T-MOBILE","June","Alpha S III"
"3","T-MOBILE","June","Alpha Tablet"
"7","T-MOBILE","June","Alpha Tablet 3 7.0"
"208","T-MOBILE","June","Alpha X 123"
"139","T-MOBILE","June","Alpha X 987"
"7","T-MOBILE","June","Feature Phone"
"11","T-MOBILE","June","Other Smartphone"
"70","T-MOBILE","March","Alpha Avant"
"1","T-MOBILE","March","Alpha Beta 10.1 2014"
"117","T-MOBILE","March","Alpha Beta 3"
"88","T-MOBILE","March","Alpha Beta 4"
"8","T-MOBILE","March","Alpha Beta 4 Edge"
"75","T-MOBILE","March","Alpha Beta II"
"5","T-MOBILE","March","Alpha Exhibit"
"23","T-MOBILE","March","Alpha Light"
"4","T-MOBILE","March","Alpha Relay"
"21","T-MOBILE","March","Alpha S"
"5","T-MOBILE","March","Alpha S Blaze"
"31","T-MOBILE","March","Alpha S II"
"226","T-MOBILE","March","Alpha S III"
"3","T-MOBILE","March","Alpha Tablet"
"2","T-MOBILE","March","Alpha Tablet 3 7.0"
"4","T-MOBILE","March","Alpha Tablet 4 8.0"
"197","T-MOBILE","March","Alpha X 123"
"89","T-MOBILE","March","Alpha X 987"
"2","T-MOBILE","March","Alpha Z 7"
"1","T-MOBILE","March","Alpha Z 7 edge"
"17","T-MOBILE","March","Feature Phone"
"15","T-MOBILE","March","Other Smartphone"
"1","T-MOBILE","May","Alpha Beta   "
"48","T-MOBILE","May","Alpha Beta 3"
"36","T-MOBILE","May","Alpha Beta II"
"6","T-MOBILE","May","Alpha Exhibit"
"1","T-MOBILE","May","Alpha Exhibit II 4G"
"19","T-MOBILE","May","Alpha Light"
"6","T-MOBILE","May","Alpha Relay"
"12","T-MOBILE","May","Alpha S"
"4","T-MOBILE","May","Alpha S Blaze"
"30","T-MOBILE","May","Alpha S II"
"152","T-MOBILE","May","Alpha S III"
"2","T-MOBILE","May","Alpha Tablet"
"1","T-MOBILE","May","Alpha Tablet 2 10.1"
"3","T-MOBILE","May","Alpha Tablet 3 7.0"
"178","T-MOBILE","May","Alpha X 123"
"185","T-MOBILE","May","Alpha X 987"
"18","T-MOBILE","May","Feature Phone"
"7","T-MOBILE","May","Other Smartphone"
"28","T-MOBILE","November","Alpha Avant"
"1","T-MOBILE","November","Alpha Beta   "
"4","T-MOBILE","November","Alpha Beta 10.1 2014"
"73","T-MOBILE","November","Alpha Beta 3"
"119","T-MOBILE","November","Alpha Beta 4"
"14","T-MOBILE","November","Alpha Beta 4 Edge"
"54","T-MOBILE","November","Alpha Beta II"
"5","T-MOBILE","November","Alpha Exhibit"
"1","T-MOBILE","November","Alpha Gear S"
"20","T-MOBILE","November","Alpha Light"
"1","T-MOBILE","November","Alpha Relay"
"10","T-MOBILE","November","Alpha S"
"3","T-MOBILE","November","Alpha S Blaze"
"41","T-MOBILE","November","Alpha S II"
"207","T-MOBILE","November","Alpha S III"
"4","T-MOBILE","November","Alpha Tablet"
"2","T-MOBILE","November","Alpha Tablet 2 10.1"
"2","T-MOBILE","November","Alpha Tablet 3 7.0"
"5","T-MOBILE","November","Alpha Tablet 4 8.0"
"111","T-MOBILE","November","Alpha X 123"
"98","T-MOBILE","November","Alpha X 987"
"17","T-MOBILE","November","Feature Phone"
"10","T-MOBILE","November","Other Smartphone"
"13","T-MOBILE","October","Alpha Avant"
"5","T-MOBILE","October","Alpha Beta 10.1 2014"
"91","T-MOBILE","October","Alpha Beta 3"
"72","T-MOBILE","October","Alpha Beta 4"
"39","T-MOBILE","October","Alpha Beta II"
"7","T-MOBILE","October","Alpha Exhibit"
"2","T-MOBILE","October","Alpha Exhibit II 4G"
"13","T-MOBILE","October","Alpha Light"
"4","T-MOBILE","October","Alpha Relay"
"18","T-MOBILE","October","Alpha S"
"3","T-MOBILE","October","Alpha S Blaze"
"36","T-MOBILE","October","Alpha S II"
"227","T-MOBILE","October","Alpha S III"
"1","T-MOBILE","October","Alpha Tablet"
"3","T-MOBILE","October","Alpha Tablet 2 10.1"
"2","T-MOBILE","October","Alpha Tablet 3 7.0"
"4","T-MOBILE","October","Alpha Tablet 4 8.0"
"173","T-MOBILE","October","Alpha X 123"
"120","T-MOBILE","October","Alpha X 987"
"13","T-MOBILE","October","Feature Phone"
"9","T-MOBILE","October","Other Smartphone"
"19","T-MOBILE","September","Alpha Avant"
"4","T-MOBILE","September","Alpha Beta   "
"6","T-MOBILE","September","Alpha Beta 10.1 2014"
"41","T-MOBILE","September","Alpha Beta 3"
"30","T-MOBILE","September","Alpha Beta II"
"7","T-MOBILE","September","Alpha Exhibit"
"2","T-MOBILE","September","Alpha Exhibit II 4G"
"13","T-MOBILE","September","Alpha Light"
"1","T-MOBILE","September","Alpha Relay"
"22","T-MOBILE","September","Alpha S"
"1","T-MOBILE","September","Alpha S Blaze"
"20","T-MOBILE","September","Alpha S II"
"213","T-MOBILE","September","Alpha S III"
"6","T-MOBILE","September","Alpha Tablet"
"1","T-MOBILE","September","Alpha Tablet 2 10.1"
"3","T-MOBILE","September","Alpha Tablet 3 7.0"
"3","T-MOBILE","September","Alpha Tablet 4 8.0"
"169","T-MOBILE","September","Alpha X 123"
"113","T-MOBILE","September","Alpha X 987"
"10","T-MOBILE","September","Feature Phone"
"5","T-MOBILE","September","Other Smartphone"
"1","TRACFONE","April","Alpha S II"
"7","TRACFONE","April","Alpha S III"
"1","TRACFONE","April","Alpha X 123"
"3","TRACFONE","April","Feature Phone"
"1","TRACFONE","August","Alpha Precedent"
"3","TRACFONE","August","Alpha Proclaim"
"8","TRACFONE","August","Alpha S III"
"1","TRACFONE","August","Alpha S Showcase"
"2","TRACFONE","August","Alpha X 123"
"4","TRACFONE","August","Feature Phone"
"2","TRACFONE","December","Alpha Proclaim"
"6","TRACFONE","December","Alpha S III"
"1","TRACFONE","December","Alpha S Showcase"
"8","TRACFONE","December","Alpha X 123"
"3","TRACFONE","December","Feature Phone"
"4","TRACFONE","December","Other Smartphone"
"2","TRACFONE","February","Alpha Precedent"
"1","TRACFONE","February","Alpha Proclaim"
"17","TRACFONE","February","Alpha S III"
"5","TRACFONE","February","Alpha X 123"
"2","TRACFONE","February","Feature Phone"
"1","TRACFONE","January","Alpha Precedent"
"2","TRACFONE","January","Alpha Proclaim"
"7","TRACFONE","January","Alpha S III"
"5","TRACFONE","January","Alpha X 123"
"1","TRACFONE","January","Feature Phone"
"3","TRACFONE","July","Alpha Precedent"
"1","TRACFONE","July","Alpha Proclaim"
"7","TRACFONE","July","Alpha S III"
"2","TRACFONE","July","Alpha X 123"
"1","TRACFONE","July","Feature Phone"
"1","TRACFONE","June","Alpha S II"
"4","TRACFONE","June","Alpha S III"
"1","TRACFONE","June","Alpha S Showcase"
"2","TRACFONE","June","Alpha X 123"
"3","TRACFONE","June","Feature Phone"
"1","TRACFONE","March","Alpha Precedent"
"1","TRACFONE","March","Alpha Proclaim"
"8","TRACFONE","March","Alpha S III"
"5","TRACFONE","March","Alpha X 123"
"4","TRACFONE","March","Feature Phone"
"2","TRACFONE","March","Other Smartphone"
"1","TRACFONE","May","Alpha Proclaim"
"7","TRACFONE","May","Alpha S III"
"1","TRACFONE","May","Alpha X 123"
"3","TRACFONE","May","Feature Phone"
"2","TRACFONE","May","Other Smartphone"
"5","TRACFONE","November","Alpha S III"
"11","TRACFONE","November","Alpha X 123"
"1","TRACFONE","November","Alpha X 123 Mini"
"3","TRACFONE","November","Feature Phone"
"3","TRACFONE","November","Other Smartphone"
"3","TRACFONE","October","Alpha Precedent"
"1","TRACFONE","October","Alpha Proclaim"
"5","TRACFONE","October","Alpha S III"
"5","TRACFONE","October","Feature Phone"
"2","TRACFONE","October","Other Smartphone"
"2","TRACFONE","September","Alpha Proclaim"
"6","TRACFONE","September","Alpha S III"
"1","TRACFONE","September","Alpha X 123"
"3","TRACFONE","September","Feature Phone"
"1","US CELLULAR","April","Alpha Beta 10.1"
"4","US CELLULAR","April","Alpha Beta 3"
"3","US CELLULAR","April","Alpha Beta II"
"4","US CELLULAR","April","Alpha Mega   "
"3","US CELLULAR","April","Alpha Mesmerize"
"2","US CELLULAR","April","Alpha S II"
"16","US CELLULAR","April","Alpha S III"
"23","US CELLULAR","April","Alpha X 123"
"1","US CELLULAR","April","Alpha X 123 Mini"
"20","US CELLULAR","April","Alpha X 987"
"4","US CELLULAR","April","Alpha Z 7"
"3","US CELLULAR","April","Alpha Z 7 edge"
"6","US CELLULAR","April","Other Smartphone"
"1","US CELLULAR","August","Alpha Beta 3"
"2","US CELLULAR","August","Alpha Beta II"
"2","US CELLULAR","August","Alpha Mega   "
"1","US CELLULAR","August","Alpha Mesmerize"
"2","US CELLULAR","August","Alpha S II"
"11","US CELLULAR","August","Alpha S III"
"22","US CELLULAR","August","Alpha X 123"
"3","US CELLULAR","August","Alpha X 123 Mini"
"5","US CELLULAR","August","Alpha X 987"
"1","US CELLULAR","August","Feature Phone"
"5","US CELLULAR","August","Other Smartphone"
"2","US CELLULAR","December","Alpha Beta 10.1"
"1","US CELLULAR","December","Alpha Beta 3"
"4","US CELLULAR","December","Alpha Beta 4"
"9","US CELLULAR","December","Alpha Beta II"
"1","US CELLULAR","December","Alpha Mega   "
"1","US CELLULAR","December","Alpha Mesmerize"
"14","US CELLULAR","December","Alpha S III"
"2","US CELLULAR","December","Alpha Tablet"
"1","US CELLULAR","December","Alpha Tablet 4 10.1"
"1","US CELLULAR","December","Alpha Tablet S 10.5"
"38","US CELLULAR","December","Alpha X 123"
"1","US CELLULAR","December","Alpha X 123 Mini"
"21","US CELLULAR","December","Alpha X 987"
"1","US CELLULAR","December","Feature Phone"
"10","US CELLULAR","December","Other Smartphone"
"1","US CELLULAR","February","Alpha Beta 10.1"
"2","US CELLULAR","February","Alpha Beta 3"
"3","US CELLULAR","February","Alpha Beta 4"
"5","US CELLULAR","February","Alpha Beta II"
"3","US CELLULAR","February","Alpha Mega   "
"5","US CELLULAR","February","Alpha Mesmerize"
"1","US CELLULAR","February","Alpha Metrix"
"10","US CELLULAR","February","Alpha S III"
"18","US CELLULAR","February","Alpha X 123"
"6","US CELLULAR","February","Alpha X 123 Mini"
"12","US CELLULAR","February","Alpha X 987"
"3","US CELLULAR","February","Alpha X 987 Mini"
"1","US CELLULAR","February","Feature Phone"
"11","US CELLULAR","February","Other Smartphone"
"4","US CELLULAR","January","Alpha Beta 3"
"1","US CELLULAR","January","Alpha Beta 4"
"5","US CELLULAR","January","Alpha Beta II"
"5","US CELLULAR","January","Alpha Mega   "
"4","US CELLULAR","January","Alpha Mesmerize"
"1","US CELLULAR","January","Alpha Metrix"
"1","US CELLULAR","January","Alpha S II"
"33","US CELLULAR","January","Alpha S III"
"1","US CELLULAR","January","Alpha Tablet"
"1","US CELLULAR","January","Alpha Tablet 4 10.1"
"34","US CELLULAR","January","Alpha X 123"
"1","US CELLULAR","January","Alpha X 123 Mini"
"17","US CELLULAR","January","Alpha X 987"
"1","US CELLULAR","January","Alpha X 987 Mini"
"1","US CELLULAR","January","Feature Phone"
"9","US CELLULAR","January","Other Smartphone"
"3","US CELLULAR","July","Alpha Beta 3"
"2","US CELLULAR","July","Alpha Beta II"
"1","US CELLULAR","July","Alpha Mega   "
"1","US CELLULAR","July","Alpha Mesmerize"
"1","US CELLULAR","July","Alpha Metrix"
"2","US CELLULAR","July","Alpha S II"
"23","US CELLULAR","July","Alpha S III"
"26","US CELLULAR","July","Alpha X 123"
"10","US CELLULAR","July","Alpha X 987"
"1","US CELLULAR","July","Feature Phone"
"5","US CELLULAR","July","Other Smartphone"
"1","US CELLULAR","June","Alpha Beta 10.1"
"5","US CELLULAR","June","Alpha Beta 3"
"1","US CELLULAR","June","Alpha Beta II"
"1","US CELLULAR","June","Alpha Mega   "
"4","US CELLULAR","June","Alpha S II"
"8","US CELLULAR","June","Alpha S III"
"25","US CELLULAR","June","Alpha X 123"
"3","US CELLULAR","June","Alpha X 123 Mini"
"10","US CELLULAR","June","Alpha X 987"
"2","US CELLULAR","June","Other Smartphone"
"2","US CELLULAR","March","Alpha Beta 10.1"
"5","US CELLULAR","March","Alpha Beta 3"
"7","US CELLULAR","March","Alpha Beta II"
"2","US CELLULAR","March","Alpha Mega   "
"2","US CELLULAR","March","Alpha Mesmerize"
"2","US CELLULAR","March","Alpha S II"
"7","US CELLULAR","March","Alpha S III"
"1","US CELLULAR","March","Alpha Tablet"
"21","US CELLULAR","March","Alpha X 123"
"2","US CELLULAR","March","Alpha X 123 Mini"
"12","US CELLULAR","March","Alpha X 987"
"2","US CELLULAR","March","Feature Phone"
"7","US CELLULAR","March","Other Smartphone"
"2","US CELLULAR","May","Alpha Beta 10.1"
"1","US CELLULAR","May","Alpha Beta 3"
"5","US CELLULAR","May","Alpha Beta II"
"1","US CELLULAR","May","Alpha Mega   "
"13","US CELLULAR","May","Alpha S III"
"23","US CELLULAR","May","Alpha X 123"
"4","US CELLULAR","May","Alpha X 123 Mini"
"8","US CELLULAR","May","Alpha X 987"
"3","US CELLULAR","May","Feature Phone"
"4","US CELLULAR","May","Other Smartphone"
"3","US CELLULAR","November","Alpha Beta 10.1"
"2","US CELLULAR","November","Alpha Beta 3"
"5","US CELLULAR","November","Alpha Beta 4"
"12","US CELLULAR","November","Alpha Beta II"
"3","US CELLULAR","November","Alpha Mega   "
"3","US CELLULAR","November","Alpha Mesmerize"
"11","US CELLULAR","November","Alpha S III"
"19","US CELLULAR","November","Alpha X 123"
"5","US CELLULAR","November","Alpha X 123 Mini"
"19","US CELLULAR","November","Alpha X 987"
"1","US CELLULAR","November","Feature Phone"
"2","US CELLULAR","November","Other Smartphone"
"1","US CELLULAR","October","Alpha Beta 10.1"
"3","US CELLULAR","October","Alpha Beta 3"
"2","US CELLULAR","October","Alpha Beta 4"
"4","US CELLULAR","October","Alpha Beta II"
"3","US CELLULAR","October","Alpha Mega   "
"1","US CELLULAR","October","Alpha Mesmerize"
"15","US CELLULAR","October","Alpha S III"
"1","US CELLULAR","October","Alpha Tablet 4 10.1"
"19","US CELLULAR","October","Alpha X 123"
"2","US CELLULAR","October","Alpha X 123 Mini"
"31","US CELLULAR","October","Alpha X 987"
"1","US CELLULAR","October","Feature Phone"
"3","US CELLULAR","October","Other Smartphone"
"2","US CELLULAR","September","Alpha Beta 10.1"
"2","US CELLULAR","September","Alpha Beta 3"
"2","US CELLULAR","September","Alpha Beta II"
"1","US CELLULAR","September","Alpha Mega   "
"1","US CELLULAR","September","Alpha Metrix"
"1","US CELLULAR","September","Alpha S II"
"8","US CELLULAR","September","Alpha S III"
"1","US CELLULAR","September","Alpha Tablet 4 10.1"
"18","US CELLULAR","September","Alpha X 123"
"3","US CELLULAR","September","Alpha X 123 Mini"
"20","US CELLULAR","September","Alpha X 987"
"3","US CELLULAR","September","Feature Phone"
"4","US CELLULAR","September","Other Smartphone"
"98","VERIZON","April","Alpha Beta 3"
"65","VERIZON","April","Alpha Beta 4"
"12","VERIZON","April","Alpha Beta 4 Edge"
"36","VERIZON","April","Alpha Beta II"
"3","VERIZON","April","Alpha Beta Pro 12.2"
"3","VERIZON","April","Alpha Continuum"
"1","VERIZON","April","Alpha Gear S"
"4","VERIZON","April","Alpha S Fascinate"
"100","VERIZON","April","Alpha S III"
"7","VERIZON","April","Alpha S III Mini"
"1","VERIZON","April","Alpha Stellar"
"1","VERIZON","April","Alpha Stratosphere"
"5","VERIZON","April","Alpha Tablet"
"1","VERIZON","April","Alpha Tablet 10.1"
"5","VERIZON","April","Alpha Tablet 2 7.0"
"5","VERIZON","April","Alpha Tablet 4 10.1"
"2","VERIZON","April","Alpha Tablet 4 8.0"
"4","VERIZON","April","Alpha Tablet S 10.5"
"90","VERIZON","April","Alpha X 123"
"13","VERIZON","April","Alpha X 123 Mini"
"292","VERIZON","April","Alpha X 987"
"84","VERIZON","April","Alpha Z 7"
"46","VERIZON","April","Alpha Z 7 edge"
"13","VERIZON","April","Feature Phone"
"5","VERIZON","April","Other Smartphone"
"65","VERIZON","August","Alpha Beta 3"
"18","VERIZON","August","Alpha Beta II"
"1","VERIZON","August","Alpha Beta Pro 12.2"
"3","VERIZON","August","Alpha Legend"
"3","VERIZON","August","Alpha S Fascinate"
"105","VERIZON","August","Alpha S III"
"3","VERIZON","August","Alpha Stellar"
"1","VERIZON","August","Alpha Stratosphere II  "
"1","VERIZON","August","Alpha Tablet"
"4","VERIZON","August","Alpha Tablet 2 7.0"
"1","VERIZON","August","Alpha Tablet 4 10.1"
"3","VERIZON","August","Alpha Tablet 4 8.0"
"184","VERIZON","August","Alpha X 123"
"9","VERIZON","August","Alpha X 123 Mini"
"173","VERIZON","August","Alpha X 987"
"16","VERIZON","August","Feature Phone"
"7","VERIZON","August","Other Smartphone"
"77","VERIZON","December","Alpha Beta 3"
"85","VERIZON","December","Alpha Beta 4"
"40","VERIZON","December","Alpha Beta II"
"1","VERIZON","December","Alpha Beta Pro 12.2"
"3","VERIZON","December","Alpha Continuum"
"4","VERIZON","December","Alpha Legend"
"9","VERIZON","December","Alpha S Fascinate"
"167","VERIZON","December","Alpha S III"
"5","VERIZON","December","Alpha S III Mini"
"5","VERIZON","December","Alpha Stellar"
"1","VERIZON","December","Alpha Stratosphere"
"3","VERIZON","December","Alpha Tablet"
"2","VERIZON","December","Alpha Tablet 2 10.1"
"7","VERIZON","December","Alpha Tablet 2 7.0"
"1","VERIZON","December","Alpha Tablet 4 10.1"
"3","VERIZON","December","Alpha Tablet S 8.4"
"6","VERIZON","December","Alpha Theta"
"166","VERIZON","December","Alpha X 123"
"10","VERIZON","December","Alpha X 123 Mini"
"147","VERIZON","December","Alpha X 987"
"15","VERIZON","December","Feature Phone"
"7","VERIZON","December","Other Smartphone"
"101","VERIZON","February","Alpha Beta 3"
"63","VERIZON","February","Alpha Beta 4"
"12","VERIZON","February","Alpha Beta 4 Edge"
"36","VERIZON","February","Alpha Beta II"
"1","VERIZON","February","Alpha Beta Pro 12.2"
"1","VERIZON","February","Alpha Legend"
"5","VERIZON","February","Alpha S Fascinate"
"137","VERIZON","February","Alpha S III"
"4","VERIZON","February","Alpha S III Mini"
"3","VERIZON","February","Alpha Stellar"
"1","VERIZON","February","Alpha Stratosphere"
"1","VERIZON","February","Alpha Stratosphere II  "
"3","VERIZON","February","Alpha Tablet"
"2","VERIZON","February","Alpha Tablet 10.1"
"2","VERIZON","February","Alpha Tablet 2 10.1"
"4","VERIZON","February","Alpha Tablet 2 7.0"
"3","VERIZON","February","Alpha Tablet 4 8.0"
"1","VERIZON","February","Alpha Tablet S 10.5"
"1","VERIZON","February","Alpha Theta"
"115","VERIZON","February","Alpha X 123"
"6","VERIZON","February","Alpha X 123 Mini"
"106","VERIZON","February","Alpha X 987"
"15","VERIZON","February","Feature Phone"
"6","VERIZON","February","Other Smartphone"
"66","VERIZON","January","Alpha Beta 3"
"77","VERIZON","January","Alpha Beta 4"
"14","VERIZON","January","Alpha Beta 4 Edge"
"75","VERIZON","January","Alpha Beta II"
"1","VERIZON","January","Alpha Beta Pro 12.2"
"1","VERIZON","January","Alpha Continuum"
"9","VERIZON","January","Alpha S Fascinate"
"275","VERIZON","January","Alpha S III"
"6","VERIZON","January","Alpha S III Mini"
"3","VERIZON","January","Alpha Stellar"
"1","VERIZON","January","Alpha Stratosphere"
"1","VERIZON","January","Alpha Stratosphere II  "
"6","VERIZON","January","Alpha Tablet"
"3","VERIZON","January","Alpha Tablet 10.1"
"3","VERIZON","January","Alpha Tablet 2 7.0"
"1","VERIZON","January","Alpha Tablet 7.7"
"2","VERIZON","January","Alpha Tablet S 10.5"
"8","VERIZON","January","Alpha Theta"
"188","VERIZON","January","Alpha X 123"
"11","VERIZON","January","Alpha X 123 Mini"
"107","VERIZON","January","Alpha X 987"
"1","VERIZON","January","ATIV SE"
"15","VERIZON","January","Feature Phone"
"6","VERIZON","January","Other Smartphone"
"2","VERIZON","July","Alpha Beta 10.1 2014 Edition"
"85","VERIZON","July","Alpha Beta 3"
"37","VERIZON","July","Alpha Beta II"
"1","VERIZON","July","Alpha Beta Pro 12.2"
"3","VERIZON","July","Alpha S Fascinate"
"148","VERIZON","July","Alpha S III"
"3","VERIZON","July","Alpha S III Mini"
"3","VERIZON","July","Alpha Stellar"
"1","VERIZON","July","Alpha Tablet"
"4","VERIZON","July","Alpha Tablet 2 7.0"
"2","VERIZON","July","Alpha Theta"
"229","VERIZON","July","Alpha X 123"
"6","VERIZON","July","Alpha X 123 Mini"
"191","VERIZON","July","Alpha X 987"
"18","VERIZON","July","Feature Phone"
"3","VERIZON","July","Other Smartphone"
"199","VERIZON","June","Alpha Beta 3"
"40","VERIZON","June","Alpha Beta II"
"3","VERIZON","June","Alpha Beta Pro 12.2"
"3","VERIZON","June","Alpha Legend"
"1","VERIZON","June","Alpha S Fascinate"
"118","VERIZON","June","Alpha S III"
"3","VERIZON","June","Alpha S III Mini"
"1","VERIZON","June","Alpha Stellar"
"2","VERIZON","June","Alpha Stratosphere II  "
"3","VERIZON","June","Alpha Tablet"
"1","VERIZON","June","Alpha Tablet 2 10.1"
"5","VERIZON","June","Alpha Tablet 2 7.0"
"509","VERIZON","June","Alpha X 123"
"10","VERIZON","June","Alpha X 123 Mini"
"221","VERIZON","June","Alpha X 987"
"15","VERIZON","June","Feature Phone"
"13","VERIZON","June","Other Smartphone"
"92","VERIZON","March","Alpha Beta 3"
"57","VERIZON","March","Alpha Beta 4"
"13","VERIZON","March","Alpha Beta 4 Edge"
"59","VERIZON","March","Alpha Beta II"
"2","VERIZON","March","Alpha Beta Pro 12.2"
"1","VERIZON","March","Alpha Continuum"
"4","VERIZON","March","Alpha Legend"
"2","VERIZON","March","Alpha S Fascinate"
"166","VERIZON","March","Alpha S III"
"4","VERIZON","March","Alpha S III Mini"
"1","VERIZON","March","Alpha Stellar"
"1","VERIZON","March","Alpha Stratosphere"
"2","VERIZON","March","Alpha Stratosphere II  "
"2","VERIZON","March","Alpha Tablet"
"1","VERIZON","March","Alpha Tablet 10.1"
"1","VERIZON","March","Alpha Tablet 2 10.1"
"1","VERIZON","March","Alpha Tablet 2 7.0"
"2","VERIZON","March","Alpha Tablet 4 10.1"
"3","VERIZON","March","Alpha Tablet S 10.5"
"112","VERIZON","March","Alpha X 123"
"15","VERIZON","March","Alpha X 123 Mini"
"139","VERIZON","March","Alpha X 987"
"1","VERIZON","March","Alpha Z 7 edge"
"14","VERIZON","March","Feature Phone"
"4","VERIZON","March","Other Smartphone"
"159","VERIZON","May","Alpha Beta 3"
"25","VERIZON","May","Alpha Beta II"
"2","VERIZON","May","Alpha Beta Pro 12.2"
"2","VERIZON","May","Alpha Continuum"
"3","VERIZON","May","Alpha Legend"
"4","VERIZON","May","Alpha S Fascinate"
"101","VERIZON","May","Alpha S III"
"1","VERIZON","May","Alpha S III Mini"
"1","VERIZON","May","Alpha Stellar"
"1","VERIZON","May","Alpha Stratosphere"
"2","VERIZON","May","Alpha Stratosphere II  "
"5","VERIZON","May","Alpha Tablet"
"4","VERIZON","May","Alpha Theta"
"409","VERIZON","May","Alpha X 123"
"4","VERIZON","May","Alpha X 123 Mini"
"253","VERIZON","May","Alpha X 987"
"34","VERIZON","May","Feature Phone"
"8","VERIZON","May","Other Smartphone"
"79","VERIZON","November","Alpha Beta 3"
"103","VERIZON","November","Alpha Beta 4"
"2","VERIZON","November","Alpha Beta 4 Edge"
"24","VERIZON","November","Alpha Beta II"
"3","VERIZON","November","Alpha Beta Pro 12.2"
"1","VERIZON","November","Alpha Gear S"
"2","VERIZON","November","Alpha Legend"
"5","VERIZON","November","Alpha S Fascinate"
"99","VERIZON","November","Alpha S III"
"2","VERIZON","November","Alpha S III Mini"
"2","VERIZON","November","Alpha Stellar"
"1","VERIZON","November","Alpha Stratosphere II  "
"2","VERIZON","November","Alpha Tablet"
"2","VERIZON","November","Alpha Tablet 10.1"
"1","VERIZON","November","Alpha Tablet 2 10.1"
"2","VERIZON","November","Alpha Tablet 2 7.0"
"5","VERIZON","November","Alpha Tablet S 10.5"
"1","VERIZON","November","Alpha Tablet S 8.4"
"2","VERIZON","November","Alpha Theta"
"170","VERIZON","November","Alpha X 123"
"5","VERIZON","November","Alpha X 123 Mini"
"119","VERIZON","November","Alpha X 987"
"12","VERIZON","November","Feature Phone"
"5","VERIZON","November","Other Smartphone"
"1","VERIZON","October","Alpha Beta 10.1 2014 Edition"
"84","VERIZON","October","Alpha Beta 3"
"89","VERIZON","October","Alpha Beta 4"
"23","VERIZON","October","Alpha Beta II"
"1","VERIZON","October","Alpha Beta Pro 12.2"
"2","VERIZON","October","Alpha Camera"
"2","VERIZON","October","Alpha Legend"
"3","VERIZON","October","Alpha S Fascinate"
"117","VERIZON","October","Alpha S III"
"2","VERIZON","October","Alpha Stratosphere"
"1","VERIZON","October","Alpha Tablet 10.1"
"4","VERIZON","October","Alpha Tablet 2 7.0"
"136","VERIZON","October","Alpha X 123"
"3","VERIZON","October","Alpha X 123 Mini"
"131","VERIZON","October","Alpha X 987"
"1","VERIZON","October","ATIV SE"
"18","VERIZON","October","Feature Phone"
"7","VERIZON","October","Other Smartphone"
"2","VERIZON","September","Alpha Beta 10.1 2014 Edition"
"53","VERIZON","September","Alpha Beta 3"
"29","VERIZON","September","Alpha Beta II"
"2","VERIZON","September","Alpha Beta Pro 12.2"
"2","VERIZON","September","Alpha Continuum"
"4","VERIZON","September","Alpha S Fascinate"
"107","VERIZON","September","Alpha S III"
"2","VERIZON","September","Alpha S III Mini"
"2","VERIZON","September","Alpha Stellar"
"2","VERIZON","September","Alpha Stratosphere"
"2","VERIZON","September","Alpha Tablet"
"1","VERIZON","September","Alpha Tablet 10.1"
"3","VERIZON","September","Alpha Tablet 2 7.0"
"2","VERIZON","September","Alpha Tablet 7.7"
"1","VERIZON","September","Alpha Tablet S 10.5"
"2","VERIZON","September","Alpha Theta"
"149","VERIZON","September","Alpha X 123"
"4","VERIZON","September","Alpha X 123 Mini"
"140","VERIZON","September","Alpha X 987"
"19","VERIZON","September","Feature Phone"
"8","VERIZON","September","Other Smartphone"
"5","VIRGIN MOBILE","April","Alpha Reverb"
"19","VIRGIN MOBILE","April","Alpha Ring"
"9","VIRGIN MOBILE","April","Alpha S III"
"1","VIRGIN MOBILE","April","Alpha X 987"
"1","VIRGIN MOBILE","April","Feature Phone"
"1","VIRGIN MOBILE","April","Other Smartphone"
"5","VIRGIN MOBILE","August","Alpha Reverb"
"14","VIRGIN MOBILE","August","Alpha Ring"
"1","VIRGIN MOBILE","August","Alpha S II"
"6","VIRGIN MOBILE","August","Alpha S III"
"1","VIRGIN MOBILE","August","Alpha X 987"
"4","VIRGIN MOBILE","August","Feature Phone"
"8","VIRGIN MOBILE","December","Alpha Reverb"
"29","VIRGIN MOBILE","December","Alpha Ring"
"1","VIRGIN MOBILE","December","Alpha S II"
"2","VIRGIN MOBILE","December","Alpha S III"
"1","VIRGIN MOBILE","December","Alpha Victory"
"4","VIRGIN MOBILE","December","Alpha X 987"
"1","VIRGIN MOBILE","December","Other Smartphone"
"3","VIRGIN MOBILE","February","Alpha Reverb"
"31","VIRGIN MOBILE","February","Alpha Ring"
"11","VIRGIN MOBILE","February","Alpha S III"
"3","VIRGIN MOBILE","February","Alpha Victory"
"10","VIRGIN MOBILE","January","Alpha Reverb"
"28","VIRGIN MOBILE","January","Alpha Ring"
"2","VIRGIN MOBILE","January","Alpha S III"
"1","VIRGIN MOBILE","January","Alpha Victory"
"1","VIRGIN MOBILE","January","Alpha X 987"
"1","VIRGIN MOBILE","January","Feature Phone"
"2","VIRGIN MOBILE","January","Other Smartphone"
"6","VIRGIN MOBILE","July","Alpha Reverb"
"15","VIRGIN MOBILE","July","Alpha Ring"
"10","VIRGIN MOBILE","July","Alpha S III"
"2","VIRGIN MOBILE","July","Alpha Victory"
"3","VIRGIN MOBILE","July","Alpha X 987"
"6","VIRGIN MOBILE","June","Alpha Reverb"
"10","VIRGIN MOBILE","June","Alpha Ring"
"2","VIRGIN MOBILE","June","Alpha S II"
"9","VIRGIN MOBILE","June","Alpha S III"
"3","VIRGIN MOBILE","June","Alpha Victory"
"3","VIRGIN MOBILE","June","Alpha X 987"
"1","VIRGIN MOBILE","June","Feature Phone"
"6","VIRGIN MOBILE","March","Alpha Reverb"
"21","VIRGIN MOBILE","March","Alpha Ring"
"19","VIRGIN MOBILE","March","Alpha S III"
"3","VIRGIN MOBILE","March","Alpha X 987"
"1","VIRGIN MOBILE","March","Other Smartphone"
"7","VIRGIN MOBILE","May","Alpha Reverb"
"21","VIRGIN MOBILE","May","Alpha Ring"
"6","VIRGIN MOBILE","May","Alpha S III"
"4","VIRGIN MOBILE","May","Alpha Victory"
"2","VIRGIN MOBILE","May","Alpha X 987"
"1","VIRGIN MOBILE","May","Other Smartphone"
"5","VIRGIN MOBILE","November","Alpha Reverb"
"6","VIRGIN MOBILE","November","Alpha Ring"
"5","VIRGIN MOBILE","November","Alpha S III"
"2","VIRGIN MOBILE","November","Feature Phone"
"1","VIRGIN MOBILE","November","Other Smartphone"
"6","VIRGIN MOBILE","October","Alpha Reverb"
"24","VIRGIN MOBILE","October","Alpha Ring"
"4","VIRGIN MOBILE","October","Alpha S III"
"2","VIRGIN MOBILE","October","Alpha X 987"
"1","VIRGIN MOBILE","October","Other Smartphone"
"21","VIRGIN MOBILE","September","Alpha Ring"
"6","VIRGIN MOBILE","September","Alpha S III"
"1","VIRGIN MOBILE","September","Alpha X 987"
"1","VIRGIN MOBILE","September","Feature Phone"
